1,多云,多云,晴,晴,晴,晴,小雨,小雨,阴,阴,晴,多云,多云,阴
2,晴,多云,晴,阵雪,霾,霾,阵雪,晴,晴,雨夹雪,中雪,晴,雨夹雪,多云
3,阴,晴,晴,晴,晴,多云,中雨,阴,小到中雨,多云,晴,阴,小雨,阴
4,多云,晴,晴,霾,雾,多云,多云,晴,多云,阴,多云,晴,霾,晴
5,阴,多云,晴,晴,晴,多云,小雨,小雨,小雨,多云,晴,小雨,小雨,小雨
6,晴,多云,晴,晴,晴,晴,雨夹雪,晴,晴,小雨,晴,晴,晴,晴
7,阴,多云,多云,晴,晴,多云,阵雨,阵雨,阵雨,多云,晴,阵雨,阴,小雨
8,阴,多云,晴,晴,晴,多云,小雨,小雨,小雨,多云,晴,小雨,小雨,小雨
9,阴,多云,晴,晴,晴,多云,小雨,小雨,小雨,多云,晴,小雨,小雨,小雨
10,阴,晴,晴,晴,晴,多云,中雨,阴,小雨,晴,晴,晴,多云,多云
11,多云,晴,晴,晴,晴,多云,小雨,小雨,阴,小雨,晴,多云,小雨,阴
12,小雨,多云,晴,晴,晴,多云,小雨,小雨,小雨,多云,晴,阴,小雨,小雨
13,阴,多云,晴,晴,晴,多云,小雨,小雨,小雨,多云,晴,小雨,小雨,小雨
14,多云,多云,多云,多云,多云,晴,多云,多云,多云,小雨,多云,多云,多云,多云
15,多云,多云,霾,霾,霾,小雨,阴,阴,阴,晴,晴,多云,霾,霾
16,阴,晴,晴,晴,晴,多云,中雨,小雨,小雨,晴,晴,晴,多云,多云
17,多云,多云,多云,多云,多云,多云,多云,阵雨,阴,阵雨,多云,多云,多云,多云
18,阴,多云,多云,阴,多云,多云,阴,阵雨,小雨,多云,多云,阴,多云,多云
19,多云,晴,晴,晴,晴,多云,小雨,小雨,阴,小雨,晴,多云,小雨,阴
20,多云,多云,多云,晴,晴,晴,多云,多云,阴,小雨,阴,阴,多云,多云
21,多云,晴,晴,晴,晴,多云,小雨,小雨,阴,小雨,晴,多云,小雨,阴
22,阴,阴,多云,多云,阴,阴,小雨,小雨,小雨,多云,多云,阴,阴,阴
23,晴,晴,晴,晴,晴,多云,小雨,多云,多云,阴,晴,晴,晴,雾
24,阴,多云,多云,晴,晴,多云,阴,小雨,小雨,多云,多云,小雨,阴,小雨
25,小雨,阴,小雨,多云,晴,晴,阵雨,小雨,小雨,多云,多云,晴,晴,晴
26,多云,多云,多云,多云,多云,多云,多云,阵雨,阴,阵雨,多云,多云,多云,多云
27,晴,多云,晴,晴,晴,多云,小雨,晴,晴,晴,晴,晴,霾,霾
28,阴,多云,多云,多云,晴,多云,多云,阵雨,多云,多云,晴,阴,多云,多云
29,多云,多云,多云,晴,晴,晴,多云,多云,阴,小雨,阴,阴,多云,多云
30,多云,多云,多云,晴,晴,多云,多云,多云,阴,小雨,阴,阴,多云,多云
31,多云,晴,霾,霾,晴,阴,晴,晴,霾,霾,多云,晴,霾,晴
32,阴,多云,晴,晴,晴,多云,小雨,小雨,小雨,多云,晴,小雨,小雨,小雨
33,阴,阴,多云,多云,多云,小雨,小雨,小雨,小雨,晴,阴,多云,多云,多云
34,晴,晴,晴,晴,晴,晴,小到中雨,阴,阴,阴,多云,多云,多云,阴
35,多云,多云,多云,晴,晴,晴,晴,多云,阴,小雨,小雨,阴,多云,多云
36,多云,多云,多云,晴,晴,多云,多云,多云,阴,小雨,阴,阴,多云,多云
37,多云,晴,晴,晴,晴,多云,小雨,小雨,阴,小雨,晴,多云,小雨,阴
38,多云,多云,多云,晴,晴,晴,多云,多云,阴,小雨,阴,阴,多云,多云
39,多云,晴,晴,晴,晴,多云,小雨,小雨,阴,小雨,晴,多云,小雨,阴
40,多云,多云,晴,晴,晴,晴,小雨,小雨,阴,阴,晴,多云,多云,阴
41,多云,晴,晴,晴,晴,多云,小雨,小雨,阴,小雨,晴,多云,小雨,阴
42,阴,晴,晴,晴,晴,多云,中雨,小雨,小雨,晴,晴,晴,多云,多云
43,阴,多云,晴,晴,晴,晴,小到中雨,小雨,小雨,多云,多云,小雨,小雨,阴
44,多云,多云,晴,晴,晴,阴,小雨,多云,多云,晴,晴,多云,多云,多云
45,小雨,多云,晴,晴,晴,多云,小雨,小雨,小雨,多云,晴,阴,小雨,小雨
46,晴,晴,晴,晴,晴,晴,小到中雨,阴,阴,阴,多云,多云,多云,阴
47,多云,晴,霾,霾,晴,阴,晴,晴,霾,霾,多云,晴,霾,晴
48,阴,多云,多云,晴,晴,多云,阵雨,阵雨,阵雨,多云,晴,阵雨,阴,小雨
49,多云,晴,晴,晴,晴,多云,阵雨,阴,阴,阴,晴,多云,阵雨,多云
50,多云,晴,晴,晴,晴,多云,小雨,小雨,阴,小雨,晴,多云,小雨,阴
51,多云,晴,霾,霾,晴,阴,晴,晴,霾,霾,多云,晴,霾,晴
52,阴,多云,多云,晴,晴,多云,阵雨,阵雨,阵雨,多云,晴,阵雨,阴,小雨
53,阴,多云,晴,晴,晴,多云,小雨,小雨,小雨,多云,晴,小雨,小雨,小雨
54,阴,晴,晴,晴,晴,多云,中雨,小雨,小雨,晴,晴,晴,多云,多云
55,多云,晴,晴,晴,晴,多云,小雨,小雨,阴,小雨,晴,多云,小雨,阴
56,阴,阴,多云,多云,多云,小雨,小雨,小雨,小雨,晴,阴,多云,多云,多云
57,多云,晴,晴,晴,晴,多云,小雨,小雨,阴,小雨,晴,多云,小雨,阴
58,阴,多云,晴,晴,晴,多云,小雨,小雨,小雨,多云,晴,小雨,小雨,小雨
59,多云,晴,晴,晴,晴,多云,小雨,小雨,阴,小雨,晴,多云,小雨,阴
60,阴,阴,多云,多云,多云,小雨,小雨,小雨,小雨,晴,阴,多云,多云,多云
61,多云,多云,多云,多云,多云,多云,多云,阵雨,阴,阵雨,多云,多云,多云,多云
62,晴,晴,晴,晴,晴,多云,小雨,多云,阴,多云,晴,多云,多云,多云
63,阴,多云,多云,晴,晴,多云,阴,小雨,小雨,多云,多云,小雨,阴,小雨
64,阴,阴,多云,多云,多云,小雨,小雨,小雨,小雨,晴,阴,多云,多云,多云
65,多云,晴,晴,晴,晴,多云,小雨,小雨,阴,小雨,晴,多云,小雨,阴
66,小雨,多云,晴,晴,晴,多云,小雨,小雨,小雨,多云,晴,阴,小雨,小雨
67,晴,晴,晴,晴,晴,晴,小到中雨,阴,阴,阴,多云,多云,多云,阴
68,多云,多云,多云,晴,晴,晴,多云,多云,阴,小雨,阴,阴,多云,多云
69,晴,晴,晴,晴,晴,晴,小到中雨,阴,阴,阴,多云,多云,多云,阴
70,多云,晴,霾,霾,晴,阴,晴,晴,霾,霾,多云,晴,霾,晴
71,多云,晴,霾,霾,晴,阴,晴,晴,霾,霾,多云,晴,霾,晴
72,多云,多云,多云,晴,晴,晴,多云,多云,阴,小雨,阴,阴,多云,多云
73,多云,晴,晴,多云,晴,多云,阵雨,阴,阴,阴,晴,多云,多云,阴
74,多云,晴,晴,晴,晴,多云,小雨,小雨,阴,小雨,晴,多云,小雨,阴
75,晴,多云,晴,晴,晴,多云,小雨,晴,晴,晴,晴,晴,霾,霾
76,多云,多云,多云,多云,多云,多云,多云,阵雨,阴,阵雨,多云,多云,多云,多云
77,小雨,多云,晴,晴,晴,多云,小雨,小雨,小雨,多云,晴,阴,小雨,小雨
78,多云,晴,晴,晴,晴,多云,小雨,小雨,阴,小雨,晴,多云,小雨,阴
79,多云,晴,晴,晴,晴,多云,小雨,小雨,阴,小雨,晴,多云,小雨,阴
80,阴,多云,晴,晴,晴,晴,小雨,小雨,小雨,阴,晴,小雨,小雨,小雨
81,多云,晴,晴,晴,晴,多云,小雨,小雨,阴,小雨,晴,多云,小雨,阴
82,多云,多云,多云,晴,晴,晴,多云,多云,阴,小雨,阴,阴,多云,多云
83,阴,阴,多云,多云,多云,小雨,中雨,小雨,小雨,多云,多云,多云,阴,阴
84,多云,晴,晴,晴,晴,多云,小雨,小雨,阴,小雨,晴,多云,小雨,阴
85,多云,晴,晴,多云,晴,多云,阵雨,阴,阴,阴,晴,多云,多云,阴
86,阴,阴,多云,多云,多云,小雨,小雨,小雨,小雨,晴,阴,多云,多云,多云
87,阴,多云,多云,阴,多云,多云,阴,阵雨,小雨,多云,多云,阴,多云,多云
88,阴,多云,多云,晴,晴,多云,阴,小雨,小雨,多云,多云,小雨,阴,小雨
89,阴,阴,多云,多云,阴,阴,小雨,小雨,小雨,多云,多云,阴,阴,阴
90,多云,晴,晴,晴,晴,多云,小雨,小雨,阴,小雨,晴,多云,小雨,阴
91,阴,多云,多云,阴,多云,多云,阴,阵雨,小雨,多云,多云,阴,多云,多云
92,阴,阴,多云,多云,多云,小雨,小雨,小雨,小雨,晴,阴,多云,多云,多云
93,多云,多云,多云,多云,多云,晴,多云,多云,多云,小雨,多云,多云,多云,多云
94,多云,多云,多云,多云,多云,晴,多云,多云,多云,小雨,多云,多云,多云,多云
95,晴,多云,晴,晴,晴,多云,小雨,晴,晴,晴,晴,晴,霾,霾
96,阴,晴,晴,晴,晴,多云,中雨,小雨,小雨,晴,晴,晴,多云,多云
97,霾,晴,霾,雾,雾,晴,晴,晴,霾,阴,多云,晴,霾,晴
98,多云,多云,多云,晴,晴,晴,多云,多云,阴,小雨,阴,阴,多云,多云
99,晴,晴,晴,霾,晴,晴,小到中雪,霾,霾,小雨,晴,晴,多云,晴
100,晴,晴,晴,晴,晴,晴,小到中雨,阴,阴,阴,多云,多云,多云,阴
101,阴,多云,多云,晴,晴,多云,阴,小雨,小雨,多云,多云,小雨,阴,小雨
102,阴,多云,晴,晴,晴,多云,小雨,小雨,小雨,多云,晴,小雨,小雨,小雨
103,多云,晴,霾,霾,晴,阴,晴,晴,霾,霾,多云,晴,霾,晴
104,阴,多云,多云,阴,多云,多云,阴,阵雨,小雨,多云,多云,阴,多云,多云
105,多云,晴,晴,多云,晴,多云,阵雨,阴,阴,阴,晴,多云,多云,阴
106,多云,多云,多云,晴,晴,晴,多云,多云,阴,小雨,阴,阴,多云,多云
107,阴,多云,晴,晴,晴,多云,小雨,小雨,小雨,多云,晴,小雨,小雨,小雨
108,多云,晴,晴,晴,晴,多云,小雨,小雨,阴,小雨,晴,多云,小雨,阴
109,阴,多云,晴,晴,晴,晴,小雨,小雨,小雨,阴,晴,小雨,小雨,小雨
110,多云,晴,霾,霾,晴,阴,晴,晴,霾,霾,多云,晴,霾,晴
111,多云,晴,霾,霾,晴,阴,晴,晴,霾,霾,多云,晴,霾,晴
112,多云,晴,晴,晴,晴,晴,多云,多云,阴,小雨,多云,多云,晴,晴
113,多云,多云,多云,多云,多云,多云,多云,阵雨,阴,阵雨,多云,多云,多云,多云
114,多云,晴,晴,晴,晴,多云,小雨,小雨,阴,小雨,晴,多云,小雨,阴
115,阴,多云,晴,晴,晴,多云,小雨,小雨,小雨,多云,晴,小雨,小雨,小雨
116,阴,多云,晴,晴,晴,多云,小雨,小雨,小雨,多云,晴,小雨,小雨,小雨
117,阴,多云,晴,晴,晴,多云,小雨,小雨,小雨,多云,晴,小雨,小雨,小雨
118,多云,晴,霾,霾,晴,阴,晴,晴,霾,霾,多云,晴,霾,晴
119,晴,晴,霾,霾,雾,多云,晴,晴,多云,霾,晴,晴,霾,晴
120,阴,多云,晴,晴,晴,多云,小雨,小雨,小雨,多云,晴,小雨,小雨,小雨
121,多云,晴,晴,晴,晴,多云,小雨,小雨,阴,小雨,晴,多云,小雨,阴
122,多云,晴,晴,晴,晴,多云,小雨,小雨,阴,小雨,晴,多云,小雨,阴
123,多云,晴,霾,霾,晴,阴,晴,晴,霾,霾,多云,晴,霾,晴
124,阴,多云,晴,晴,晴,多云,小雨,小雨,小雨,多云,晴,小雨,小雨,小雨
125,晴,多云,晴,晴,晴,晴,雨夹雪,晴,晴,小雨,晴,晴,晴,晴
126,阴,阴,多云,多云,多云,小雨,小雨,小雨,小雨,晴,阴,多云,多云,多云
127,阴,晴,晴,晴,晴,多云,中雨,小雨,小雨,晴,晴,晴,多云,多云
128,阴,多云,多云,晴,晴,多云,阴,小雨,小雨,多云,多云,小雨,阴,小雨
129,小雨,多云,晴,晴,晴,多云,小雨,小雨,小雨,多云,晴,阴,小雨,小雨
130,晴,晴,晴,晴,晴,晴,小到中雨,阴,阴,阴,多云,多云,多云,阴
131,阴,晴,晴,晴,晴,多云,中雨,小雨,小雨,晴,晴,晴,多云,多云
132,阴,阴,晴,晴,多云,阴,小雨,小雨,小雨,多云,多云,小雨,小雨,阴
133,多云,多云,多云,晴,晴,晴,多云,多云,阴,小雨,阴,阴,多云,多云
134,小雨,多云,晴,晴,晴,多云,小雨,小雨,小雨,多云,晴,阴,小雨,小雨
135,多云,晴,晴,晴,晴,多云,小雨,小雨,阴,小雨,晴,多云,小雨,阴
136,阴,晴,晴,晴,晴,多云,中雨,小雨,小雨,晴,晴,晴,多云,多云
137,小雨,多云,晴,晴,晴,多云,小雨,小雨,小雨,多云,晴,阴,小雨,小雨
138,多云,晴,晴,晴,晴,多云,小雨,小雨,阴,小雨,晴,多云,小雨,阴
139,多云,晴,晴,晴,晴,多云,小雨,小雨,阴,小雨,晴,多云,小雨,阴
140,多云,晴,霾,霾,晴,阴,晴,晴,霾,霾,多云,晴,霾,晴
141,多云,晴,霾,霾,晴,阴,晴,晴,霾,霾,多云,晴,霾,晴
142,阴,多云,晴,晴,晴,多云,小雨,小雨,小雨,多云,晴,小雨,小雨,小雨
143,多云,晴,霾,霾,晴,阴,晴,晴,霾,霾,多云,晴,霾,晴
144,多云,晴,晴,晴,晴,多云,小雨,小雨,阴,小雨,晴,多云,小雨,阴
145,阴,多云,多云,晴,晴,晴,多云,小雨,小雨,阴,晴,阴,小雨,小雨
146,阴,多云,多云,阴,多云,多云,阴,阵雨,小雨,多云,多云,阴,多云,多云
147,多云,多云,多云,晴,晴,晴,多云,多云,阴,小雨,阴,阴,多云,多云
148,阴,晴,晴,晴,晴,多云,中雨,小雨,小雨,晴,晴,晴,多云,多云
149,多云,多云,多云,多云,多云,多云,多云,阵雨,阴,阵雨,多云,多云,多云,多云
150,多云,多云,多云,多云,多云,多云,多云,阵雨,阴,阵雨,多云,多云,多云,多云
151,多云,晴,晴,晴,晴,多云,小雨,小雨,阴,小雨,晴,多云,小雨,阴
152,阴,晴,晴,晴,晴,多云,中雨,小雨,小雨,晴,晴,晴,多云,多云
153,阴,晴,晴,晴,晴,多云,中雨,小雨,小雨,晴,晴,晴,多云,多云
154,阴,多云,多云,阴,多云,多云,阴,阵雨,小雨,多云,多云,阴,多云,多云
155,多云,晴,晴,晴,晴,晴,晴,多云,多云,小雨,阴,多云,多云,多云
156,多云,晴,晴,晴,晴,多云,多云,多云,阴,阵雨,阵雨,多云,多云,多云
157,多云,晴,霾,霾,晴,阴,晴,晴,霾,霾,多云,晴,霾,晴
158,阴,多云,多云,晴,晴,多云,阴,小雨,小雨,多云,多云,小雨,阴,小雨
159,阴,多云,晴,晴,晴,晴,小雨,小雨,小雨,阴,晴,小雨,小雨,小雨
160,多云,晴,晴,晴,晴,多云,小雨,小雨,阴,小雨,晴,多云,小雨,阴
161,晴,晴,晴,晴,晴,晴,小到中雨,阴,阴,阴,多云,多云,多云,阴
162,多云,多云,多云,晴,晴,晴,多云,多云,阴,小雨,阴,阴,多云,多云
163,阴,多云,晴,晴,晴,多云,小雨,小雨,小雨,多云,晴,小雨,小雨,小雨
164,阴,晴,晴,晴,晴,多云,中雨,小雨,小雨,晴,晴,晴,多云,多云
165,晴,晴,晴,晴,晴,晴,小到中雨,阴,阴,阴,多云,多云,多云,阴
166,多云,晴,霾,霾,晴,阴,晴,晴,霾,霾,多云,晴,霾,晴
167,小雨,多云,晴,晴,晴,多云,小雨,小雨,小雨,多云,晴,阴,小雨,小雨
168,阴,多云,晴,晴,晴,多云,小雨,小雨,小雨,多云,晴,小雨,小雨,小雨
169,晴,晴,晴,晴,晴,晴,小到中雨,阴,阴,阴,多云,多云,多云,阴
170,多云,晴,晴,霾,雾,多云,多云,晴,多云,阴,多云,晴,霾,晴
171,多云,晴,晴,晴,晴,多云,小雨,小雨,阴,小雨,晴,多云,小雨,阴
172,多云,晴,霾,霾,晴,阴,晴,晴,霾,霾,多云,晴,霾,晴
173,晴,晴,晴,晴,晴,晴,小到中雨,阴,阴,阴,多云,多云,多云,阴
174,阴,多云,多云,晴,晴,多云,阴,小雨,小雨,多云,多云,小雨,阴,小雨
175,阴,晴,晴,晴,晴,多云,中雨,小雨,小雨,晴,晴,晴,多云,多云
176,多云,晴,晴,晴,晴,多云,小到中雨,阴,阴,阴,晴,多云,阴,阴
177,多云,晴,晴,晴,晴,多云,小雨,小雨,阴,小雨,晴,多云,小雨,阴
178,多云,晴,晴,晴,晴,多云,小雨,小雨,阴,小雨,晴,多云,小雨,阴
179,阴,多云,晴,晴,晴,晴,小雨,小雨,阴,阴,晴,多云,阴,小雨
180,多云,晴,晴,多云,晴,多云,阵雨,阴,阴,阴,晴,多云,多云,阴
181,阴,晴,晴,晴,晴,多云,中雨,小雨,小雨,晴,晴,晴,多云,多云
182,多云,晴,晴,多云,晴,多云,小雨,晴,多云,多云,晴,雾,多云,多云
183,多云,晴,霾,霾,晴,阴,晴,晴,霾,霾,多云,晴,霾,晴
184,多云,晴,霾,霾,晴,阴,晴,晴,霾,霾,多云,晴,霾,晴
185,多云,多云,多云,晴,晴,晴,多云,多云,阴,小雨,阴,阴,多云,多云
186,多云,晴,晴,多云,晴,多云,阵雨,阴,阴,阴,晴,多云,多云,阴
187,多云,晴,晴,晴,晴,多云,多云,多云,阴,阵雨,阵雨,多云,多云,多云
188,多云,晴,晴,多云,晴,多云,阵雨,阴,阴,阴,晴,多云,多云,阴
189,阴,阴,多云,多云,多云,小雨,中雨,小雨,小雨,多云,多云,多云,阴,阴
190,多云,多云,多云,多云,多云,晴,多云,多云,多云,小雨,多云,多云,多云,多云
191,多云,多云,多云,多云,多云,晴,多云,多云,多云,小雨,多云,多云,多云,多云
192,多云,多云,多云,晴,晴,晴,晴,多云,阴,小雨,小雨,阴,多云,多云
193,多云,多云,霾,霾,霾,小雨,阴,阴,阴,晴,晴,多云,霾,霾
194,多云,晴,晴,晴,晴,多云,小雨,小雨,阴,小雨,晴,多云,小雨,阴
195,阴,晴,晴,晴,晴,多云,中雨,阴,小雨,晴,晴,晴,多云,多云
196,多云,多云,多云,多云,多云,晴,多云,多云,多云,小雨,多云,多云,多云,多云
197,阴,多云,多云,晴,晴,多云,阵雨,阵雨,阵雨,多云,晴,阵雨,阴,小雨
198,晴,晴,晴,晴,晴,晴,小到中雨,阴,阴,阴,多云,多云,多云,阴
199,多云,晴,晴,多云,晴,多云,阵雨,阴,阴,阴,晴,多云,多云,阴
200,多云,晴,晴,晴,晴,多云,小雨,小雨,阴,小雨,晴,多云,小雨,阴
201,晴,晴,晴,晴,晴,晴,小到中雨,阴,阴,阴,多云,多云,多云,阴
202,多云,多云,多云,多云,多云,多云,多云,阵雨,阴,阵雨,多云,多云,多云,多云
203,多云,晴,晴,晴,晴,多云,小雨,小雨,阴,小雨,晴,多云,小雨,阴
204,晴,多云,晴,晴,多云,晴,晴,阴,阴,小雨,阴,多云,多云,多云
205,阴,多云,晴,晴,晴,多云,小雨,小雨,小雨,多云,晴,小雨,小雨,小雨
206,多云,多云,多云,晴,多云,多云,阴,小雨,小雨,小雨,多云,阵雨,多云,多云
207,多云,晴,霾,霾,晴,阴,晴,晴,霾,霾,多云,晴,霾,晴
208,多云,晴,霾,霾,晴,阴,晴,晴,霾,霾,多云,晴,霾,晴
209,多云,晴,晴,晴,晴,多云,小到中雨,阴,阴,阴,晴,多云,阴,阴
210,阴,晴,晴,晴,晴,多云,中雨,小雨,小雨,晴,晴,晴,多云,多云
211,多云,多云,多云,多云,多云,晴,多云,多云,多云,小雨,多云,多云,多云,多云
212,多云,晴,晴,晴,晴,多云,阵雨,阴,阴,阴,晴,多云,阵雨,多云
213,阴,多云,多云,晴,晴,多云,阴,小雨,小雨,多云,多云,小雨,阴,小雨
214,多云,多云,多云,多云,多云,晴,多云,多云,多云,小雨,多云,多云,多云,多云
215,多云,晴,霾,霾,晴,阴,晴,晴,霾,霾,多云,晴,霾,晴
216,多云,晴,霾,霾,晴,阴,晴,晴,霾,霾,多云,晴,霾,晴
217,阴,多云,晴,晴,晴,多云,小雨,小雨,小雨,多云,晴,小雨,小雨,小雨
218,多云,晴,霾,霾,晴,阴,晴,晴,霾,霾,多云,晴,霾,晴
219,阴,多云,多云,晴,晴,多云,阴,小雨,小雨,多云,多云,小雨,阴,小雨
220,阴,多云,晴,晴,晴,多云,小雨,小雨,小雨,多云,晴,小雨,小雨,小雨
221,阴,晴,晴,晴,晴,多云,中雨,小雨,小雨,晴,晴,晴,多云,多云
222,阴,晴,晴,晴,晴,多云,中雨,阴,小到中雨,多云,晴,阴,小雨,阴
223,阴,晴,晴,晴,晴,多云,中雨,小雨,小雨,晴,晴,晴,多云,多云
224,阴,多云,多云,晴,晴,多云,阴,小雨,小雨,多云,多云,小雨,阴,小雨
225,小雨,多云,晴,晴,晴,多云,小雨,小雨,小雨,多云,晴,阴,小雨,小雨
226,多云,多云,多云,晴,晴,晴,多云,多云,阴,小雨,阴,阴,多云,多云
227,多云,多云,霾,霾,霾,小雨,阴,阴,阴,晴,晴,多云,霾,霾
228,晴,晴,晴,晴,晴,晴,小到中雨,阴,阴,阴,多云,多云,多云,阴
229,晴,多云,晴,晴,多云,晴,晴,阴,阴,小雨,阴,多云,多云,多云
230,阴,多云,多云,阴,多云,多云,阴,阵雨,小雨,多云,多云,阴,多云,多云
231,晴,晴,晴,晴,晴,晴,小到中雨,阴,阴,阴,多云,多云,多云,阴
232,阴,多云,多云,晴,晴,多云,阴,小雨,小雨,多云,多云,小雨,阴,小雨
233,阴,多云,晴,晴,晴,多云,小雨,小雨,小雨,多云,晴,小雨,小雨,小雨
234,多云,晴,晴,晴,晴,多云,中雨,阴,阴,多云,多云,多云,多云,多云
235,多云,晴,晴,晴,晴,多云,中雨,阴,阴,多云,多云,多云,多云,多云
236,多云,晴,晴,多云,晴,多云,阵雨,阴,阴,阴,晴,多云,多云,阴
237,多云,多云,多云,晴,多云,多云,阴,小雨,小雨,小雨,多云,阵雨,多云,多云
238,多云,晴,霾,霾,晴,阴,晴,晴,霾,霾,多云,晴,霾,晴
239,多云,晴,晴,晴,晴,阴,小雨,多云,阴,阴,多云,晴,阴,多云
240,多云,晴,晴,晴,晴,多云,小雨,小雨,阴,小雨,晴,多云,小雨,阴
241,多云,晴,晴,晴,晴,多云,小雨,小雨,阴,小雨,晴,多云,小雨,阴
242,小雨,多云,晴,晴,晴,多云,小雨,小雨,小雨,多云,晴,阴,小雨,小雨
243,多云,阴,晴,多云,多云,晴,多云,阵雨,阴,阵雨,多云,多云,晴,多云
244,多云,多云,多云,晴,晴,晴,多云,多云,阴,小雨,阴,阴,多云,多云
245,阴,多云,多云,晴,晴,多云,阵雨,阵雨,阵雨,多云,晴,阵雨,阴,小雨
246,阴,晴,晴,晴,晴,多云,中雨,小雨,小雨,晴,晴,晴,多云,多云
247,阴,晴,晴,晴,晴,多云,中雨,小雨,小雨,晴,晴,晴,多云,多云
248,多云,晴,晴,晴,晴,多云,小雨,小雨,阴,小雨,晴,多云,小雨,阴
249,小雨,多云,晴,晴,晴,多云,小雨,小雨,小雨,多云,晴,阴,小雨,小雨
250,阴,晴,晴,晴,晴,多云,中雨,小雨,小雨,晴,晴,晴,多云,多云
251,多云,晴,霾,霾,晴,阴,晴,晴,霾,霾,多云,晴,霾,晴
252,多云,多云,多云,多云,多云,晴,多云,多云,多云,小雨,多云,多云,多云,多云
253,多云,晴,霾,霾,晴,阴,晴,晴,霾,霾,多云,晴,霾,晴
254,多云,多云,多云,多云,多云,多云,多云,阵雨,阴,阵雨,多云,多云,多云,多云
255,多云,晴,霾,霾,晴,阴,晴,晴,霾,霾,多云,晴,霾,晴
256,多云,多云,多云,晴,多云,多云,阴,小雨,小雨,小雨,多云,阵雨,多云,多云
257,多云,晴,霾,霾,晴,阴,晴,晴,霾,霾,多云,晴,霾,晴
258,晴,晴,晴,晴,晴,多云,小雨,多云,阴,多云,多云,阴,多云,多云
259,多云,晴,晴,多云,晴,多云,阵雨,阴,阴,阴,晴,多云,多云,阴
260,阴,多云,晴,晴,晴,晴,小雨,小雨,小雨,阴,晴,小雨,小雨,小雨
261,多云,多云,多云,晴,多云,多云,阴,小雨,小雨,小雨,多云,阵雨,多云,多云
262,小雨,多云,晴,晴,晴,多云,小雨,小雨,小雨,多云,晴,阴,小雨,小雨
263,阴,多云,晴,晴,晴,多云,小雨,小雨,小雨,多云,晴,小雨,小雨,小雨
264,阴,多云,晴,晴,晴,多云,小雨,小雨,小雨,多云,晴,小雨,小雨,小雨
265,阵雨,多云,晴,晴,晴,多云,小雨,小雨,小雨,多云,晴,多云,阵雨,阵雨
266,晴,晴,晴,霾,晴,晴,小到中雪,霾,霾,小雨,晴,晴,多云,晴
267,阴,多云,晴,晴,晴,晴,小雨,小雨,小雨,阴,晴,小雨,小雨,小雨
268,多云,多云,多云,多云,多云,晴,多云,多云,多云,小雨,多云,多云,多云,多云
269,多云,晴,晴,晴,晴,多云,小雨,小雨,阴,小雨,晴,多云,小雨,阴
270,多云,多云,多云,晴,晴,晴,多云,多云,阴,小雨,阴,阴,多云,多云
271,多云,多云,多云,晴,晴,晴,多云,多云,阴,小雨,阴,阴,多云,多云
272,阴,多云,晴,晴,晴,多云,小雨,小雨,小雨,多云,晴,小雨,小雨,小雨
273,晴,多云,晴,晴,晴,多云,小雨,晴,晴,晴,晴,晴,霾,霾
274,多云,多云,多云,多云,多云,晴,多云,多云,多云,小雨,多云,多云,多云,多云
275,多云,多云,多云,晴,晴,晴,多云,多云,阴,小雨,阴,阴,多云,多云
276,多云,晴,晴,晴,晴,多云,小雨,小雨,阴,小雨,晴,多云,小雨,阴
277,多云,晴,晴,晴,晴,多云,小雨,小雨,阴,小雨,晴,多云,小雨,阴
278,多云,多云,多云,晴,晴,晴,多云,多云,阴,小雨,阴,阴,多云,多云
279,多云,多云,多云,晴,晴,晴,多云,多云,阴,小雨,阴,阴,多云,多云
280,阴,晴,晴,晴,晴,多云,中雨,小雨,小雨,晴,晴,晴,多云,多云
281,多云,晴,晴,多云,晴,多云,阵雨,阴,阴,阴,晴,多云,多云,阴
282,阴,多云,晴,晴,晴,多云,小雨,小雨,小雨,多云,晴,小雨,小雨,小雨
283,晴,多云,晴,晴,晴,晴,雨夹雪,晴,晴,小雨,晴,晴,晴,晴
284,多云,晴,晴,晴,晴,多云,小雨,小雨,阴,小雨,晴,多云,小雨,阴
285,阴,多云,晴,晴,晴,多云,小雨,小雨,小雨,多云,晴,小雨,小雨,小雨
286,阴,多云,多云,晴,晴,多云,阴,小雨,小雨,多云,多云,小雨,阴,小雨
287,多云,晴,晴,多云,晴,多云,阵雨,阴,阴,阴,晴,多云,多云,阴
288,多云,晴,晴,晴,晴,多云,小雨,小雨,阴,小雨,晴,多云,小雨,阴
289,多云,多云,多云,多云,多云,晴,多云,多云,多云,小雨,多云,多云,多云,多云
290,阴,多云,多云,晴,晴,多云,阴,小雨,小雨,多云,多云,小雨,阴,小雨
291,多云,晴,晴,晴,晴,多云,小雨,小雨,阴,小雨,晴,多云,小雨,阴
292,多云,多云,多云,晴,晴,晴,多云,多云,阴,小雨,阴,阴,多云,多云
293,阴,多云,多云,阴,多云,多云,阴,阵雨,小雨,多云,多云,阴,多云,多云
294,晴,晴,晴,晴,晴,晴,小到中雨,阴,阴,阴,多云,多云,多云,阴
295,阴,晴,晴,晴,晴,多云,中雨,阴,小到中雨,多云,晴,阴,小雨,阴
296,阴,阴,多云,多云,多云,小雨,小雨,小雨,小雨,晴,阴,多云,多云,多云
297,阵雨,多云,晴,晴,晴,多云,小雨,小雨,小雨,多云,晴,多云,阵雨,阵雨
298,多云,多云,霾,霾,霾,小雨,阴,阴,阴,晴,晴,多云,霾,霾
299,阴,多云,晴,晴,晴,多云,小雨,小雨,小雨,多云,晴,小雨,小雨,小雨
300,阴,多云,晴,晴,晴,多云,小雨,小雨,小雨,多云,晴,小雨,小雨,小雨
301,阴,阴,多云,多云,阴,阴,小雨,小雨,小雨,多云,多云,阴,阴,阴
302,阴,晴,晴,晴,晴,多云,中雨,小雨,小雨,晴,晴,晴,多云,多云
303,多云,多云,霾,霾,霾,小雨,阴,阴,阴,晴,晴,多云,霾,霾
304,阴,多云,多云,晴,晴,多云,阴,小雨,小雨,多云,多云,小雨,阴,小雨
305,多云,多云,多云,晴,晴,晴,多云,多云,阴,小雨,阴,阴,多云,多云
306,多云,多云,多云,多云,多云,晴,多云,多云,多云,小雨,多云,多云,多云,多云
307,阴,多云,多云,晴,晴,多云,阵雨,阵雨,阵雨,多云,晴,阵雨,阴,小雨
308,阴,多云,晴,晴,晴,多云,小雨,小雨,小雨,多云,晴,小雨,小雨,小雨
309,晴,晴,晴,晴,晴,多云,小雨,多云,多云,阴,晴,晴,晴,雾
310,多云,多云,多云,多云,多云,晴,多云,多云,多云,小雨,多云,多云,多云,多云
311,多云,晴,霾,霾,晴,阴,晴,晴,霾,霾,多云,晴,霾,晴
312,阴,多云,晴,晴,晴,晴,小雨,小雨,阴,阴,晴,多云,阴,小雨
313,多云,多云,多云,多云,多云,晴,多云,多云,多云,小雨,多云,多云,多云,多云
314,晴,晴,晴,晴,晴,晴,小到中雨,阴,阴,阴,多云,多云,多云,阴
315,多云,晴,晴,晴,晴,多云,小雨,小雨,阴,小雨,晴,多云,小雨,阴
316,阴,多云,晴,晴,晴,多云,小雨,小雨,小雨,多云,晴,小雨,小雨,小雨
317,多云,晴,晴,多云,晴,多云,阵雨,阴,阴,阴,晴,多云,多云,阴
318,晴,晴,晴,晴,晴,晴,小到中雨,阴,阴,阴,多云,多云,多云,阴
319,多云,晴,晴,晴,晴,多云,小雨,小雨,阴,小雨,晴,多云,小雨,阴
320,多云,晴,晴,晴,晴,多云,中雨,阴,阴,多云,多云,多云,多云,多云
321,阴,多云,晴,晴,晴,多云,小雨,小雨,小雨,多云,晴,小雨,小雨,小雨
322,晴,多云,晴,晴,多云,晴,晴,阴,阴,小雨,阴,多云,多云,多云
323,晴,晴,晴,晴,晴,晴,小到中雨,阴,阴,阴,多云,多云,多云,阴
324,阴,多云,晴,晴,晴,多云,小雨,小雨,小雨,多云,晴,小雨,小雨,小雨
325,多云,晴,晴,霾,雾,多云,多云,晴,多云,阴,多云,晴,霾,晴
326,晴,晴,晴,霾,晴,晴,小到中雪,霾,霾,小雨,晴,晴,多云,晴
327,多云,晴,晴,晴,晴,多云,小雨,小雨,阴,小雨,晴,多云,小雨,阴
328,阴,多云,晴,晴,晴,多云,小雨,小雨,小雨,多云,晴,小雨,小雨,小雨
329,晴,晴,晴,晴,晴,多云,小雨,多云,多云,阴,晴,晴,晴,雾
330,晴,晴,晴,晴,晴,晴,小到中雨,阴,阴,阴,多云,多云,多云,阴
331,阴,晴,晴,晴,晴,多云,中雨,小雨,小雨,晴,晴,晴,多云,多云
332,多云,晴,晴,晴,晴,多云,阵雨,阴,阴,多云,多云,多云,阴,多云
333,多云,晴,晴,晴,晴,多云,小雨,小雨,阴,小雨,晴,多云,小雨,阴
334,阴,多云,晴,晴,晴,多云,小雨,小雨,小雨,多云,晴,小雨,小雨,小雨
335,多云,多云,多云,晴,晴,晴,多云,多云,阴,小雨,阴,阴,多云,多云
336,多云,晴,晴,晴,晴,多云,小雨,小雨,阴,小雨,晴,多云,小雨,阴
337,晴,多云,晴,晴,多云,晴,晴,阴,阴,小雨,阴,多云,多云,多云
338,多云,晴,晴,晴,晴,多云,小雨,小雨,阴,小雨,晴,多云,小雨,阴
339,晴,多云,晴,晴,晴,多云,小雨,晴,晴,晴,晴,晴,霾,霾
340,阴,多云,晴,晴,晴,多云,小雨,小雨,小雨,多云,晴,小雨,小雨,小雨
341,小雨,多云,晴,晴,晴,多云,小雨,小雨,小雨,多云,晴,阴,小雨,小雨
342,晴,晴,晴,晴,晴,晴,小到中雨,阴,阴,阴,多云,多云,多云,阴
343,晴,多云,晴,晴,多云,晴,晴,阴,阴,小雨,阴,多云,多云,多云
344,多云,多云,多云,晴,晴,晴,多云,多云,阴,小雨,阴,阴,多云,多云
345,阴,多云,晴,晴,晴,晴,阵雨,小雨,小雨,阴,晴,小雨,阵雨,小雨
346,阴,多云,多云,晴,晴,多云,阴,小雨,小雨,多云,多云,小雨,阴,小雨
347,多云,晴,雾,晴,晴,阴,多云,晴,多云,晴,晴,晴,霾,雾
348,多云,晴,霾,霾,晴,阴,晴,晴,霾,霾,多云,晴,霾,晴
349,多云,晴,晴,晴,晴,多云,中雨,阴,阴,多云,多云,多云,多云,多云
350,多云,晴,霾,霾,晴,阴,晴,晴,霾,霾,多云,晴,霾,晴
351,晴,晴,晴,晴,晴,晴,小到中雨,阴,阴,阴,多云,多云,多云,阴
352,多云,晴,霾,霾,晴,阴,晴,晴,霾,霾,多云,晴,霾,晴
353,多云,晴,霾,霾,晴,阴,晴,晴,霾,霾,多云,晴,霾,晴
354,阴,多云,多云,晴,晴,多云,阴,小雨,小雨,多云,多云,小雨,阴,小雨
355,晴,晴,晴,晴,晴,晴,小到中雨,阴,阴,阴,多云,多云,多云,阴
356,多云,多云,多云,晴,晴,晴,多云,多云,阴,小雨,阴,阴,多云,多云
357,晴,晴,晴,晴,晴,晴,小到中雨,阴,阴,阴,多云,多云,多云,阴
358,多云,晴,晴,晴,晴,多云,小雨,小雨,阴,小雨,晴,多云,小雨,阴
359,多云,晴,晴,晴,晴,多云,阵雨,阴,阴,阴,晴,多云,阵雨,多云
360,多云,晴,晴,霾,雾,多云,多云,晴,多云,阴,多云,晴,霾,晴
361,晴,晴,晴,晴,晴,晴,小到中雨,阴,阴,阴,多云,多云,多云,阴
362,晴,多云,晴,晴,晴,多云,小雨,晴,晴,晴,晴,晴,霾,霾
363,阴,晴,晴,晴,晴,多云,中雨,小雨,小雨,晴,晴,晴,多云,多云
364,晴,多云,晴,晴,多云,晴,晴,阴,阴,小雨,阴,多云,多云,多云
365,多云,多云,多云,晴,晴,晴,多云,多云,阴,小雨,阴,阴,多云,多云
366,多云,晴,晴,晴,晴,多云,小到中雨,阴,阴,阴,晴,多云,阴,阴
367,多云,晴,晴,晴,晴,多云,小雨,小雨,阴,小雨,晴,多云,小雨,阴
368,阴,晴,晴,晴,晴,多云,中雨,小雨,小雨,晴,晴,晴,多云,多云
369,多云,多云,多云,晴,多云,多云,阴,小雨,小雨,小雨,多云,阵雨,多云,多云
370,多云,晴,晴,晴,晴,多云,小雨,小雨,阴,小雨,晴,多云,小雨,阴
371,阴,多云,多云,多云,晴,多云,多云,阵雨,多云,多云,晴,阴,多云,多云
372,阴,阴,多云,多云,多云,小雨,中雨,小雨,小雨,多云,多云,多云,阴,阴
373,小雨,小雨,多云,晴,晴,晴,阴,小雨,小雨,小雨,多云,小雨,多云,小雨
374,阴,晴,晴,晴,晴,多云,中雨,小雨,小雨,晴,晴,晴,多云,多云
375,阴,晴,晴,晴,晴,多云,中雨,小雨,小雨,晴,晴,晴,多云,小雨
376,晴,晴,晴,晴,晴,多云,小雨,多云,多云,阴,晴,晴,晴,雾
377,阴,多云,多云,阴,多云,多云,阴,阵雨,小雨,多云,多云,阴,多云,多云
378,晴,晴,晴,晴,晴,晴,小到中雨,阴,阴,阴,多云,多云,多云,阴
379,阴,多云,晴,晴,晴,多云,小雨,小雨,小雨,多云,晴,小雨,小雨,小雨
380,阴,多云,多云,晴,晴,多云,阵雨,阵雨,阵雨,多云,晴,阵雨,阴,小雨
381,阴,多云,晴,晴,晴,多云,小雨,小雨,小雨,多云,晴,小雨,小雨,小雨
382,阴,多云,晴,晴,晴,多云,小雨,小雨,小雨,多云,晴,小雨,小雨,小雨
383,阴,多云,晴,晴,晴,多云,小雨,小雨,小雨,多云,晴,小雨,小雨,小雨
384,多云,晴,晴,晴,晴,多云,小雨,小雨,阴,小雨,晴,多云,小雨,阴
385,阴,多云,多云,阴,多云,多云,阴,阵雨,小雨,多云,多云,阴,多云,多云
386,多云,晴,晴,晴,晴,多云,小雨,小雨,阴,小雨,晴,多云,小雨,阴
387,阴,多云,晴,晴,晴,多云,小雨,小雨,小雨,多云,晴,小雨,小雨,小雨
388,多云,晴,霾,霾,晴,阴,晴,晴,霾,霾,多云,晴,霾,晴
389,多云,晴,晴,晴,晴,多云,小雨,小雨,阴,小雨,晴,多云,小雨,阴
390,多云,晴,霾,霾,晴,阴,晴,晴,霾,霾,多云,晴,霾,晴
391,多云,晴,晴,晴,晴,多云,小雨,小雨,阴,小雨,晴,多云,小雨,阴
392,多云,晴,霾,霾,晴,阴,晴,晴,霾,霾,多云,晴,霾,晴
393,多云,多云,多云,多云,多云,晴,多云,多云,多云,小雨,多云,多云,多云,多云
394,多云,晴,晴,晴,晴,阴,小雨,多云,多云,晴,晴,晴,多云,多云
395,多云,晴,晴,晴,晴,多云,小雨,小雨,阴,小雨,晴,多云,小雨,阴
396,阴,多云,晴,晴,晴,多云,小雨,小雨,小雨,多云,晴,小雨,小雨,小雨
397,多云,晴,晴,晴,晴,多云,小雨,小雨,阴,小雨,晴,多云,小雨,阴
398,多云,晴,霾,霾,晴,阴,晴,晴,霾,霾,多云,晴,霾,晴
399,多云,晴,晴,晴,晴,多云,小到中雨,阴,阴,阴,晴,多云,阴,阴
400,阴,多云,多云,多云,晴,多云,多云,阵雨,多云,多云,晴,阴,多云,多云
401,阵雨,多云,晴,晴,晴,多云,小雨,小雨,小雨,多云,晴,多云,阵雨,阵雨
402,多云,晴,晴,晴,晴,多云,小雨,小雨,阴,小雨,晴,多云,小雨,阴
403,阴,阴,多云,多云,多云,小雨,小雨,小雨,小雨,晴,阴,多云,多云,多云
404,多云,晴,晴,晴,晴,多云,小雨,小雨,阴,小雨,晴,多云,小雨,阴
405,阴,阴,多云,多云,多云,小雨,小雨,小雨,小雨,晴,阴,多云,多云,多云
406,阴,多云,晴,晴,晴,多云,小雨,小雨,小雨,多云,晴,小雨,小雨,小雨
407,多云,晴,晴,晴,晴,多云,小雨,小雨,阴,小雨,晴,多云,小雨,阴
408,小雨,小雨,多云,晴,晴,晴,阴,小雨,小雨,小雨,多云,小雨,多云,小雨
409,阴,晴,晴,晴,晴,多云,中雨,小雨,小雨,晴,晴,晴,多云,多云
410,阴,多云,多云,晴,晴,多云,阴,小雨,小雨,多云,多云,小雨,阴,小雨
411,晴,晴,晴,晴,晴,晴,小到中雨,阴,阴,阴,多云,多云,多云,阴
412,多云,多云,多云,晴,晴,晴,多云,多云,阴,小雨,阴,阴,多云,多云
413,多云,晴,霾,霾,晴,阴,晴,晴,霾,霾,多云,晴,霾,晴
414,阴,多云,多云,阴,多云,多云,阴,阵雨,小雨,多云,多云,阴,多云,多云
415,多云,晴,晴,晴,晴,多云,小雨,小雨,阴,小雨,晴,多云,小雨,阴
416,多云,多云,多云,多云,多云,晴,多云,多云,多云,小雨,多云,多云,多云,多云
417,晴,晴,晴,多云,晴,霾,小到中雪,晴,晴,小雨,多云,晴,多云,多云
418,多云,晴,晴,晴,晴,多云,小到中雨,阴,阴,阴,晴,多云,阴,阴
419,多云,多云,多云,晴,晴,晴,多云,多云,阴,小雨,阴,阴,多云,多云
420,多云,多云,多云,晴,晴,晴,多云,多云,阴,小雨,阴,阴,多云,多云
421,阴,多云,多云,晴,晴,多云,阵雨,阵雨,阵雨,多云,晴,阵雨,阴,小雨
422,阵雨,多云,晴,晴,晴,多云,小雨,小雨,小雨,多云,晴,多云,阵雨,阵雨
423,阴,晴,晴,晴,晴,多云,中雨,小雨,小雨,晴,晴,晴,多云,多云
424,多云,多云,多云,晴,晴,晴,多云,多云,阴,小雨,阴,阴,多云,多云
425,多云,晴,晴,晴,晴,多云,小雨,小雨,阴,小雨,晴,多云,小雨,阴
426,多云,晴,晴,晴,晴,多云,小雨,小雨,阴,小雨,晴,多云,小雨,阴
427,多云,晴,晴,晴,晴,多云,小雨,小雨,阴,小雨,晴,多云,小雨,阴
428,多云,多云,多云,多云,多云,多云,多云,阵雨,阴,阵雨,多云,多云,多云,多云
429,多云,多云,晴,晴,晴,阴,小雨,小雨,小雨,多云,晴,小雨,小雨,小雨
430,多云,多云,多云,多云,多云,晴,多云,多云,多云,小雨,多云,多云,多云,多云
431,多云,多云,多云,晴,晴,晴,晴,多云,阴,小雨,小雨,阴,多云,多云
432,晴,晴,晴,霾,晴,晴,小到中雪,霾,霾,小雨,晴,晴,多云,晴
433,多云,多云,多云,多云,多云,晴,多云,多云,多云,小雨,多云,多云,多云,多云
434,阴,晴,晴,晴,晴,多云,中雨,小雨,小雨,晴,晴,晴,多云,多云
435,多云,晴,晴,晴,晴,多云,中雨,阴,阴,多云,多云,多云,多云,多云
436,阴,晴,晴,晴,晴,多云,中雨,小雨,小雨,晴,晴,晴,多云,多云
437,多云,多云,多云,多云,多云,晴,多云,多云,多云,小雨,多云,多云,多云,多云
438,阴,多云,晴,晴,晴,多云,小雨,小雨,小雨,多云,晴,小雨,小雨,小雨
439,阴,多云,晴,晴,晴,晴,小雨,小雨,小雨,阴,晴,小雨,小雨,小雨
440,阴,多云,晴,晴,晴,多云,小雨,小雨,小雨,多云,晴,小雨,小雨,小雨
441,多云,晴,晴,晴,晴,多云,小雨,小雨,阴,小雨,晴,多云,小雨,阴
442,多云,晴,晴,霾,雾,多云,多云,晴,多云,阴,多云,晴,霾,晴
443,多云,晴,晴,晴,晴,多云,小雨,小雨,阴,小雨,晴,多云,小雨,阴
444,阴,阴,多云,多云,多云,小雨,中雨,小雨,小雨,多云,多云,多云,阴,阴
445,阴,晴,晴,晴,晴,多云,中雨,小雨,小雨,晴,晴,晴,多云,多云
446,阴,晴,晴,晴,晴,小雨,中雨,小雨,小雨,晴,晴,晴,多云,多云
447,多云,多云,多云,晴,晴,晴,多云,多云,阴,小雨,阴,阴,多云,多云
448,多云,晴,霾,霾,晴,阴,晴,晴,霾,霾,多云,晴,霾,晴
449,阴,多云,多云,晴,晴,多云,阴,小雨,小雨,多云,多云,小雨,阴,小雨
450,阴,阴,多云,多云,多云,小雨,中雨,小雨,小雨,多云,多云,多云,阴,阴
451,阴,多云,晴,晴,晴,多云,小雨,小雨,小雨,多云,晴,小雨,小雨,小雨
452,阴,多云,晴,晴,晴,多云,小雨,小雨,小雨,多云,晴,小雨,小雨,小雨
453,多云,晴,晴,晴,晴,多云,小雨,小雨,阴,小雨,晴,多云,小雨,阴
454,多云,多云,多云,晴,晴,晴,多云,多云,阴,小雨,阴,阴,多云,多云
455,阴,多云,晴,晴,晴,多云,小雨,小雨,小雨,多云,晴,小雨,小雨,小雨
456,多云,多云,多云,晴,晴,晴,多云,多云,阴,小雨,阴,阴,多云,多云
457,阴,多云,晴,晴,晴,多云,小雨,小雨,小雨,多云,晴,小雨,小雨,小雨
458,晴,多云,晴,晴,晴,多云,小雨,晴,晴,晴,晴,晴,霾,霾
459,晴,晴,晴,晴,晴,晴,小到中雨,阴,阴,阴,多云,多云,多云,阴
460,阴,多云,晴,晴,晴,多云,小雨,小雨,小雨,多云,晴,小雨,小雨,小雨
461,多云,晴,霾,霾,晴,阴,晴,晴,霾,霾,多云,晴,霾,晴
462,晴,多云,晴,晴,晴,多云,小雨,晴,晴,晴,晴,晴,霾,霾
463,阴,晴,晴,晴,晴,多云,中雨,小雨,小雨,晴,晴,晴,多云,多云
464,多云,晴,霾,霾,晴,阴,晴,晴,霾,霾,多云,晴,霾,晴
465,多云,晴,晴,晴,晴,多云,小雨,小雨,阴,小雨,晴,多云,小雨,阴
466,阴,晴,晴,晴,晴,多云,中雨,小雨,小雨,晴,晴,晴,多云,多云
467,阴,多云,多云,多云,晴,多云,多云,阵雨,多云,多云,晴,阴,多云,多云
468,多云,多云,多云,晴,晴,晴,多云,多云,阴,小雨,阴,阴,多云,多云
469,多云,晴,霾,霾,晴,阴,晴,晴,霾,霾,多云,晴,霾,晴
470,多云,晴,晴,晴,晴,多云,小雨,小雨,阴,小雨,晴,多云,小雨,阴
471,晴,晴,晴,晴,晴,晴,小到中雨,阴,阴,阴,多云,多云,多云,阴
472,晴,晴,晴,晴,晴,晴,小到中雨,阴,阴,阴,多云,多云,多云,阴
473,多云,晴,霾,霾,晴,阴,晴,晴,霾,霾,多云,晴,霾,晴
474,阴,多云,晴,晴,晴,多云,小雨,小雨,小雨,多云,晴,小雨,小雨,小雨
475,多云,多云,多云,晴,晴,晴,多云,多云,阴,小雨,阴,阴,多云,多云
476,阴,多云,晴,晴,晴,多云,小雨,小雨,小雨,多云,晴,小雨,小雨,小雨
477,阴,多云,晴,晴,晴,多云,小雨,小雨,小雨,多云,晴,小雨,小雨,小雨
478,多云,多云,多云,多云,多云,晴,多云,多云,多云,小雨,多云,多云,多云,多云
479,多云,晴,霾,霾,晴,阴,晴,晴,霾,霾,多云,晴,霾,晴
480,多云,晴,晴,晴,晴,晴,多云,多云,阴,小雨,多云,多云,晴,晴
481,阴,晴,晴,晴,晴,多云,中雨,小雨,小雨,晴,晴,晴,多云,多云
482,晴,晴,晴,晴,晴,小雨,晴,晴,多云,晴,晴,晴,晴,晴
483,多云,多云,多云,晴,晴,晴,多云,多云,阴,小雨,阴,阴,多云,多云
484,晴,晴,晴,晴,晴,晴,小到中雨,阴,阴,阴,多云,多云,多云,阴
485,阴,多云,晴,晴,晴,多云,小雨,小雨,小雨,多云,晴,小雨,小雨,小雨
486,多云,晴,晴,多云,晴,多云,阵雨,阴,阴,阴,晴,多云,多云,阴
487,多云,晴,晴,晴,晴,多云,小雨,小雨,阴,小雨,晴,多云,小雨,阴
488,多云,晴,霾,霾,晴,阴,晴,晴,霾,霾,多云,晴,霾,晴
489,阴,多云,多云,晴,晴,多云,阴,小雨,小雨,多云,多云,小雨,阴,小雨
490,晴,多云,晴,阵雪,霾,霾,阵雪,晴,晴,雨夹雪,中雪,晴,雨夹雪,多云
491,多云,晴,霾,霾,晴,阴,晴,晴,霾,霾,多云,晴,霾,晴
492,晴,晴,晴,晴,晴,晴,小到中雨,阴,阴,阴,多云,多云,多云,阴
493,多云,多云,多云,多云,多云,多云,多云,阵雨,阴,阵雨,多云,多云,多云,多云
494,多云,晴,霾,霾,晴,阴,晴,晴,霾,霾,多云,晴,霾,晴
495,多云,多云,多云,晴,晴,晴,多云,多云,阴,小雨,阴,阴,多云,多云
496,多云,晴,晴,晴,晴,多云,小雨,小雨,阴,小雨,晴,多云,小雨,阴
497,阴,晴,晴,晴,晴,多云,中雨,小雨,小雨,晴,晴,晴,多云,多云
498,晴,晴,晴,晴,晴,晴,小到中雨,阴,阴,阴,多云,多云,多云,阴
499,晴,晴,多云,晴,晴,阴,小雨,晴,多云,晴,晴,多云,晴,多云
500,阴,多云,晴,晴,晴,多云,小雨,小雨,小雨,多云,晴,小雨,小雨,小雨
501,晴,多云,晴,晴,晴,多云,小雨,晴,晴,晴,晴,晴,霾,霾
502,多云,多云,多云,多云,多云,多云,多云,阵雨,阴,阵雨,多云,多云,多云,多云
503,多云,晴,晴,多云,晴,多云,阵雨,阴,阴,阴,晴,多云,多云,阴
504,阵雨,多云,晴,晴,晴,多云,小雨,小雨,小雨,多云,晴,多云,阵雨,阵雨
505,多云,多云,多云,晴,晴,晴,多云,多云,阴,小雨,阴,阴,多云,多云
506,多云,晴,霾,霾,晴,阴,晴,晴,霾,霾,多云,晴,霾,晴
507,阴,多云,多云,阴,多云,多云,阴,阵雨,小雨,多云,多云,阴,多云,多云
508,多云,晴,霾,霾,晴,阴,晴,晴,霾,霾,多云,晴,霾,晴
509,阴,晴,晴,晴,晴,多云,中雨,阴,小到中雨,多云,晴,阴,小雨,阴
510,阴,多云,多云,晴,晴,多云,阴,小雨,小雨,多云,多云,小雨,阴,小雨
511,多云,晴,晴,晴,晴,小雨,晴,晴,晴,多云,多云,多云,多云,晴
512,阴,晴,晴,晴,晴,多云,中雨,小雨,小雨,晴,晴,晴,多云,多云
513,多云,晴,霾,霾,晴,阴,晴,晴,霾,霾,多云,晴,霾,晴
514,阴,多云,晴,晴,晴,多云,小雨,小雨,小雨,多云,晴,小雨,小雨,小雨
515,多云,多云,多云,晴,晴,多云,多云,多云,阴,小雨,阴,阴,多云,多云
516,多云,晴,晴,多云,晴,多云,阵雨,阴,阴,阴,晴,多云,多云,阴
517,多云,晴,晴,多云,晴,多云,阵雨,阴,阴,阴,晴,多云,多云,阴
518,多云,晴,晴,晴,晴,多云,小到中雨,阴,阴,阴,晴,多云,阴,阴
519,多云,晴,晴,晴,晴,多云,小雨,小雨,阴,小雨,晴,多云,小雨,阴
520,晴,晴,晴,晴,晴,阴,小雨,多云,多云,晴,多云,多云,多云,多云
521,多云,晴,晴,晴,晴,多云,小雨,小雨,阴,小雨,晴,多云,小雨,阴
522,多云,多云,多云,多云,多云,晴,多云,多云,多云,小雨,多云,多云,多云,多云
523,阴,阴,多云,多云,多云,小雨,中雨,小雨,小雨,多云,多云,多云,阴,阴
524,阴,多云,晴,晴,晴,多云,小雨,小雨,小雨,多云,晴,小雨,小雨,小雨
525,多云,多云,多云,晴,晴,晴,多云,多云,阴,小雨,阴,阴,多云,多云
526,阴,阴,多云,多云,多云,小雨,中雨,小雨,小雨,多云,多云,多云,阴,阴
527,阴,多云,晴,晴,晴,多云,小雨,小雨,小雨,多云,晴,小雨,小雨,小雨
528,小雨,多云,晴,晴,晴,多云,小雨,小雨,小雨,多云,晴,阴,小雨,小雨
529,晴,晴,晴,晴,晴,晴,小到中雨,阴,阴,阴,多云,多云,多云,阴
530,多云,多云,多云,多云,多云,晴,多云,多云,多云,小雨,多云,多云,多云,多云
531,阴,多云,晴,晴,晴,晴,小雨,小雨,阴,阴,晴,多云,阴,小雨
532,阴,多云,晴,晴,晴,多云,小雨,小雨,小雨,多云,晴,小雨,小雨,小雨
533,多云,多云,多云,多云,多云,晴,多云,多云,多云,小雨,多云,多云,多云,多云
534,阴,多云,晴,晴,晴,多云,小雨,小雨,小雨,多云,晴,小雨,小雨,小雨
535,多云,多云,霾,霾,霾,小雨,阴,阴,阴,晴,晴,多云,霾,霾
536,多云,晴,晴,晴,晴,多云,小雨,小雨,阴,小雨,晴,多云,小雨,阴
537,晴,晴,晴,晴,晴,晴,中雨,阴,阴,阴,晴,多云,多云,多云
538,多云,晴,霾,霾,晴,阴,晴,晴,霾,霾,多云,晴,霾,晴
539,阴,多云,多云,阴,多云,多云,阴,阵雨,小雨,多云,多云,阴,多云,多云
540,阴,多云,多云,晴,晴,多云,阴,小雨,小雨,多云,多云,小雨,阴,小雨
541,阴,多云,多云,晴,晴,多云,阴,小雨,小雨,多云,多云,小雨,阴,小雨
542,阴,多云,晴,晴,晴,多云,小雨,小雨,小雨,多云,晴,小雨,小雨,小雨
543,晴,晴,晴,晴,晴,晴,小到中雨,阴,阴,阴,多云,多云,多云,阴
544,阴,多云,多云,晴,晴,多云,阵雨,阵雨,阵雨,多云,晴,阵雨,阴,小雨
545,多云,多云,多云,晴,晴,晴,多云,多云,阴,小雨,阴,阴,多云,多云
546,晴,多云,晴,晴,多云,晴,晴,阴,阴,小雨,阴,多云,多云,多云
547,多云,多云,多云,多云,多云,多云,多云,阵雨,阴,阵雨,多云,多云,多云,多云
548,多云,晴,晴,晴,晴,多云,小雨,小雨,阴,小雨,晴,多云,小雨,阴
549,多云,晴,晴,晴,晴,多云,小到中雨,阴,阴,阴,晴,多云,阴,阴
550,多云,晴,晴,晴,晴,多云,小雨,小雨,阴,小雨,晴,多云,小雨,阴
551,多云,晴,晴,晴,晴,多云,小雨,小雨,阴,小雨,晴,多云,小雨,阴
552,阴,多云,晴,晴,晴,多云,小雨,小雨,小雨,多云,晴,小雨,小雨,小雨
553,晴,晴,晴,晴,晴,多云,小雨,多云,阴,多云,多云,阴,多云,多云
554,阴,多云,多云,阴,多云,多云,阴,阵雨,小雨,多云,多云,阴,多云,多云
555,阴,多云,晴,晴,晴,多云,小雨,小雨,小雨,多云,晴,小雨,小雨,小雨
556,阴,多云,多云,晴,晴,多云,阴,小雨,小雨,多云,多云,小雨,阴,小雨
557,多云,多云,多云,晴,晴,晴,多云,多云,阴,小雨,阴,阴,多云,多云
558,多云,多云,多云,晴,晴,晴,多云,多云,阴,小雨,阴,阴,多云,多云
559,阴,多云,多云,阴,多云,多云,阴,阵雨,小雨,多云,多云,阴,多云,多云
560,阴,晴,晴,晴,晴,多云,中雨,小雨,小雨,晴,晴,晴,多云,多云
561,多云,晴,晴,多云,晴,多云,阵雨,阴,阴,阴,晴,多云,多云,阴
562,阴,多云,晴,晴,晴,多云,小雨,小雨,小雨,多云,晴,小雨,小雨,小雨
563,阴,多云,晴,晴,多云,晴,多云,阵雨,阵雨,多云,多云,阵雨,多云,多云
564,小雨,多云,晴,晴,晴,多云,小雨,小雨,小雨,多云,晴,阴,小雨,小雨
565,多云,晴,晴,晴,晴,多云,小雨,小雨,阴,小雨,晴,多云,小雨,阴
566,多云,晴,晴,晴,晴,多云,中雨,阴,阴,多云,多云,多云,多云,多云
567,多云,晴,霾,霾,晴,阴,晴,晴,霾,霾,多云,晴,霾,晴
568,多云,多云,晴,晴,晴,晴,小雨,小雨,阴,阴,晴,多云,多云,阴
569,阴,多云,多云,阴,多云,多云,阴,阵雨,小雨,多云,多云,阴,多云,多云
570,多云,多云,晴,晴,晴,晴,小雨,小雨,阴,阴,晴,多云,多云,阴
571,多云,晴,晴,晴,晴,多云,小雨,小雨,阴,小雨,晴,多云,小雨,阴
572,阴,多云,晴,晴,晴,多云,小雨,小雨,小雨,多云,晴,小雨,小雨,小雨
573,晴,晴,晴,霾,晴,晴,小到中雪,霾,霾,小雨,晴,晴,多云,晴
574,多云,晴,晴,晴,晴,多云,小雨,小雨,阴,小雨,晴,多云,小雨,阴
575,阴,多云,晴,晴,晴,多云,小雨,小雨,小雨,多云,晴,小雨,小雨,小雨
576,多云,晴,晴,晴,晴,多云,中雨,阴,阴,阴,多云,多云,阴,阴
577,阴,多云,晴,晴,晴,晴,小雨,小雨,小雨,阴,晴,小雨,小雨,小雨
578,多云,多云,多云,晴,晴,晴,多云,多云,阴,小雨,阴,阴,多云,多云
579,多云,晴,晴,晴,晴,多云,小雨,小雨,阴,小雨,晴,多云,小雨,阴
580,小雨,多云,晴,晴,晴,多云,小雨,小雨,小雨,多云,晴,阴,小雨,小雨
581,多云,晴,晴,晴,晴,多云,小雨,小雨,阴,小雨,晴,多云,小雨,阴
582,多云,晴,晴,多云,晴,多云,阵雨,阴,阴,阴,晴,多云,多云,阴
583,阴,晴,晴,晴,晴,多云,中雨,小雨,小雨,晴,晴,晴,多云,多云
584,多云,多云,晴,晴,晴,小雨,小雨,阴,多云,晴,晴,晴,多云,多云
585,多云,晴,晴,晴,晴,多云,小雨,小雨,阴,小雨,晴,多云,小雨,阴
586,晴,晴,晴,晴,晴,晴,小到中雨,阴,阴,阴,多云,多云,多云,阴
587,多云,多云,晴,晴,晴,阴,小雨,多云,多云,晴,晴,多云,多云,多云
588,阴,多云,多云,晴,晴,晴,多云,小雨,小雨,阴,晴,阴,小雨,小雨
589,阴,多云,晴,晴,晴,晴,小雨,小雨,小雨,阴,晴,小雨,小雨,小雨
590,阴,多云,多云,阴,多云,多云,阴,阵雨,小雨,多云,多云,阴,多云,多云
591,多云,晴,晴,霾,晴,小雨,小雨,多云,阴,多云,晴,多云,多云,多云
592,多云,晴,晴,晴,晴,多云,小到中雨,阴,阴,阴,晴,多云,阴,阴
593,晴,晴,晴,晴,晴,晴,小到中雨,阴,阴,阴,多云,多云,多云,阴
594,晴,多云,晴,晴,晴,多云,小雨,晴,晴,晴,晴,晴,霾,霾
595,阴,多云,晴,晴,晴,多云,小雨,小雨,小雨,多云,晴,小雨,小雨,小雨
596,多云,多云,多云,晴,晴,晴,晴,多云,阴,小雨,小雨,阴,多云,多云
597,晴,晴,晴,晴,晴,晴,小到中雨,阴,阴,阴,多云,多云,多云,阴
598,多云,晴,霾,霾,晴,阴,晴,晴,霾,霾,多云,晴,霾,晴
599,阴,多云,晴,晴,晴,多云,小雨,小雨,小雨,多云,晴,小雨,小雨,小雨
600,多云,晴,晴,晴,晴,多云,小雨,小雨,阴,小雨,晴,多云,小雨,阴
601,阴,阴,多云,多云,多云,小雨,小雨,小雨,小雨,晴,阴,多云,多云,多云
602,多云,多云,多云,多云,多云,晴,多云,多云,多云,小雨,多云,多云,多云,多云
603,阴,多云,晴,晴,晴,多云,小雨,小雨,小雨,多云,晴,小雨,小雨,小雨
604,多云,晴,晴,晴,晴,多云,小雨,小雨,阴,小雨,晴,多云,小雨,阴
605,阴,晴,晴,晴,晴,多云,中雨,阴,小雨,晴,晴,晴,多云,多云
606,晴,多云,晴,阵雪,霾,霾,阵雪,晴,晴,雨夹雪,中雪,晴,雨夹雪,多云
607,阴,多云,晴,晴,晴,多云,小雨,小雨,小雨,多云,晴,小雨,小雨,小雨
608,阴,多云,晴,晴,晴,晴,小雨,小雨,小雨,阴,晴,小雨,小雨,小雨
609,阴,阴,多云,多云,多云,小雨,中雨,小雨,小雨,多云,多云,多云,阴,阴
610,多云,多云,晴,晴,晴,阴,小雨,多云,多云,晴,晴,多云,多云,多云
611,多云,多云,多云,晴,晴,晴,多云,多云,阴,小雨,阴,阴,多云,多云
612,阴,多云,晴,晴,晴,多云,小雨,小雨,小雨,多云,晴,小雨,小雨,小雨
613,晴,多云,晴,晴,多云,晴,晴,阴,阴,小雨,阴,多云,多云,多云
614,多云,晴,晴,晴,晴,多云,小雨,小雨,阴,小雨,晴,多云,小雨,阴
615,多云,晴,晴,晴,晴,多云,小到中雨,阴,阴,阴,晴,多云,阴,阴
616,多云,多云,多云,多云,多云,晴,多云,多云,多云,小雨,多云,多云,多云,多云
617,多云,多云,多云,多云,多云,多云,多云,阵雨,阴,阵雨,多云,多云,多云,多云
618,多云,晴,晴,晴,晴,多云,小雨,小雨,阴,小雨,晴,多云,小雨,阴
619,多云,多云,多云,多云,多云,晴,多云,多云,多云,小雨,多云,多云,多云,多云
620,多云,晴,晴,晴,晴,多云,小雨,小雨,阴,小雨,晴,多云,小雨,阴
621,多云,多云,多云,晴,晴,晴,多云,多云,阴,小雨,阴,阴,多云,多云
622,小雨,多云,晴,晴,晴,晴,小雨,小雨,小雨,多云,晴,多云,阴,小雨
623,多云,晴,霾,霾,晴,阴,晴,晴,霾,霾,多云,晴,霾,晴
624,晴,晴,晴,晴,晴,晴,小到中雨,阴,阴,阴,多云,多云,多云,阴
625,阴,阴,多云,多云,阴,阴,小雨,小雨,小雨,多云,多云,阴,阴,阴
626,晴,晴,晴,晴,晴,晴,小到中雨,阴,阴,阴,多云,多云,多云,阴
627,多云,晴,霾,霾,晴,阴,晴,晴,霾,霾,多云,晴,霾,晴
628,多云,晴,霾,霾,晴,阴,晴,晴,霾,霾,多云,晴,霾,晴
629,多云,晴,晴,晴,晴,多云,小雨,小雨,阴,小雨,晴,多云,小雨,阴
630,多云,晴,晴,晴,晴,晴,晴,多云,多云,小雨,阴,多云,多云,多云
631,阴,多云,晴,晴,晴,多云,小雨,小雨,小雨,多云,晴,小雨,小雨,小雨
632,阴,晴,晴,晴,晴,多云,中雨,阴,小到中雨,多云,晴,阴,小雨,阴
633,晴,晴,晴,晴,晴,晴,小到中雨,阴,阴,阴,多云,多云,多云,阴
634,多云,晴,晴,晴,晴,多云,小雨,小雨,阴,小雨,晴,多云,小雨,阴
635,阴,晴,晴,晴,晴,多云,中雨,小雨,小雨,晴,晴,晴,多云,多云
636,多云,晴,晴,晴,晴,多云,小到中雨,阴,阴,阴,晴,多云,阴,阴
637,阴,晴,晴,晴,晴,多云,中雨,小雨,小雨,晴,晴,晴,多云,多云
638,多云,多云,多云,多云,多云,晴,多云,多云,多云,小雨,多云,多云,多云,多云
639,多云,晴,晴,晴,晴,多云,小到中雨,阴,阴,阴,晴,多云,阴,阴
640,多云,晴,霾,霾,晴,阴,晴,晴,霾,霾,多云,晴,霾,晴
641,多云,晴,晴,晴,晴,晴,多云,多云,阴,小雨,多云,多云,晴,晴
642,阴,多云,晴,晴,晴,多云,小雨,小雨,小雨,多云,晴,小雨,小雨,小雨
643,阴,多云,多云,晴,晴,多云,阴,小雨,小雨,多云,多云,小雨,阴,小雨
644,多云,多云,多云,晴,晴,晴,多云,多云,阴,小雨,阴,阴,多云,多云
645,多云,多云,多云,晴,晴,晴,多云,多云,阴,小雨,阴,阴,多云,多云
646,晴,晴,晴,晴,晴,晴,小到中雨,阴,阴,阴,多云,多云,多云,阴
647,阴,多云,多云,多云,多云,小雨,中雨,小雨,阵雨,晴,晴,多云,多云,阴
648,晴,晴,晴,晴,晴,晴,小到中雨,阴,阴,阴,多云,多云,多云,阴
649,阴,多云,晴,晴,晴,多云,小雨,小雨,小雨,多云,晴,小雨,小雨,小雨
650,多云,多云,多云,晴,晴,晴,多云,多云,阴,小雨,阴,阴,多云,多云
651,阴,多云,晴,晴,晴,多云,小雨,小雨,小雨,多云,晴,小雨,小雨,小雨
652,阴,多云,晴,晴,晴,多云,小雨,小雨,小雨,多云,晴,小雨,小雨,小雨
653,阴,多云,多云,晴,晴,多云,阴,小雨,小雨,多云,多云,小雨,阴,小雨
654,多云,多云,晴,晴,晴,阴,小雨,多云,多云,晴,晴,多云,多云,多云
655,晴,多云,晴,晴,多云,晴,晴,阴,阴,小雨,阴,多云,多云,多云
656,阴,多云,晴,晴,晴,多云,小雨,小雨,小雨,多云,晴,小雨,小雨,小雨
657,小雨,阴,小雨,多云,晴,晴,阵雨,小雨,小雨,多云,多云,晴,晴,晴
658,多云,晴,晴,晴,晴,多云,小雨,小雨,阴,小雨,晴,多云,小雨,阴
659,多云,多云,多云,多云,多云,晴,多云,多云,多云,小雨,多云,多云,多云,多云
660,多云,晴,晴,晴,晴,多云,小雨,小雨,阴,小雨,晴,多云,小雨,阴
661,多云,晴,霾,霾,晴,阴,晴,晴,霾,霾,多云,晴,霾,晴
662,阴,多云,晴,晴,晴,多云,小雨,小雨,小雨,多云,晴,小雨,小雨,小雨
663,多云,晴,晴,晴,晴,多云,小雨,小雨,阴,小雨,晴,多云,小雨,阴
664,晴,多云,晴,阵雪,霾,霾,阵雪,晴,晴,雨夹雪,中雪,晴,雨夹雪,多云
665,阴,多云,晴,晴,晴,多云,小雨,小雨,小雨,多云,晴,小雨,小雨,小雨
666,阴,阴,多云,多云,多云,小雨,小雨,小雨,小雨,晴,阴,多云,多云,多云
667,阴,多云,晴,晴,晴,多云,小雨,小雨,小雨,多云,晴,小雨,小雨,小雨
668,阴,多云,晴,晴,晴,多云,小雨,小雨,小雨,多云,晴,小雨,小雨,小雨
669,晴,多云,晴,晴,多云,晴,晴,阴,阴,小雨,阴,多云,多云,多云
670,多云,晴,晴,多云,晴,多云,阵雨,阴,阴,阴,晴,多云,多云,阴
671,阴,阴,多云,多云,多云,小雨,小雨,小雨,小雨,晴,阴,多云,多云,多云
672,阴,多云,晴,晴,晴,多云,小雨,小雨,小雨,多云,晴,小雨,小雨,小雨
673,多云,多云,晴,晴,晴,小雨,小雨,阴,多云,晴,晴,晴,晴,多云
674,多云,多云,多云,多云,多云,晴,多云,多云,多云,小雨,多云,多云,多云,多云
675,晴,晴,晴,晴,多云,多云,多云,阴,小雨,小雨,多云,多云,多云,多云
676,多云,晴,晴,晴,晴,多云,小雨,小雨,阴,小雨,晴,多云,小雨,阴
677,多云,多云,多云,多云,多云,晴,多云,多云,多云,小雨,多云,多云,多云,多云
678,多云,多云,多云,晴,晴,晴,多云,多云,阴,小雨,阴,阴,多云,多云
679,阴,多云,多云,晴,晴,多云,阴,小雨,小雨,多云,多云,小雨,阴,小雨
680,多云,多云,多云,多云,多云,多云,多云,阵雨,阴,阵雨,多云,多云,多云,多云
681,阴,多云,多云,阴,多云,多云,阴,阵雨,小雨,多云,多云,阴,多云,多云
682,多云,晴,晴,晴,晴,多云,小到中雨,阴,阴,阴,晴,多云,阴,阴
683,多云,多云,多云,晴,晴,晴,多云,多云,阴,小雨,阴,阴,多云,多云
684,晴,晴,晴,霾,晴,晴,小到中雪,霾,霾,小雨,晴,晴,多云,晴
685,多云,晴,霾,霾,晴,阴,晴,晴,霾,霾,多云,晴,霾,晴
686,多云,晴,晴,晴,晴,多云,小雨,小雨,阴,小雨,晴,多云,小雨,阴
687,阴,晴,晴,晴,晴,多云,中雨,小雨,小雨,晴,晴,晴,多云,多云
688,多云,多云,多云,晴,晴,晴,多云,多云,阴,小雨,阴,阴,多云,多云
689,多云,晴,晴,晴,晴,多云,小雨,小雨,阴,小雨,晴,多云,小雨,阴
690,多云,晴,晴,晴,晴,多云,小雨,小雨,阴,小雨,晴,多云,小雨,阴
691,多云,晴,霾,霾,晴,阴,晴,晴,霾,霾,多云,晴,霾,晴
692,晴,晴,晴,晴,晴,多云,小雨,多云,晴,多云,晴,晴,多云,多云
693,阴,晴,晴,晴,晴,多云,中雨,小雨,小雨,晴,晴,晴,多云,多云
694,多云,晴,晴,晴,晴,多云,小雨,小雨,阴,小雨,晴,多云,小雨,阴
695,阴,多云,晴,晴,晴,多云,小雨,小雨,小雨,多云,晴,小雨,小雨,小雨
696,多云,晴,晴,晴,晴,多云,小雨,小雨,阴,小雨,晴,多云,小雨,阴
697,晴,晴,晴,晴,晴,晴,小到中雨,阴,阴,阴,多云,多云,多云,阴
698,多云,晴,晴,晴,晴,多云,小雨,小雨,阴,小雨,晴,多云,小雨,阴
699,多云,晴,晴,晴,晴,多云,小雨,小雨,阴,小雨,晴,多云,小雨,阴
700,晴,晴,晴,晴,晴,晴,小到中雨,阴,阴,阴,多云,多云,多云,阴
701,晴,晴,晴,晴,晴,晴,小到中雨,阴,阴,阴,多云,多云,多云,阴
702,阴,多云,晴,晴,晴,多云,小雨,小雨,小雨,多云,晴,小雨,小雨,小雨
703,晴,多云,晴,晴,晴,晴,雨夹雪,晴,晴,小雨,晴,晴,晴,晴
704,阴,阴,多云,多云,多云,小雨,小雨,小雨,小雨,晴,阴,多云,多云,多云
705,阴,多云,晴,晴,晴,多云,小雨,小雨,小雨,多云,晴,小雨,小雨,小雨
706,阴,多云,晴,晴,晴,多云,小雨,小雨,小雨,多云,晴,小雨,小雨,小雨
707,多云,多云,多云,多云,多云,晴,多云,多云,多云,小雨,多云,多云,多云,多云
708,多云,多云,多云,多云,多云,晴,多云,多云,多云,小雨,多云,多云,多云,多云
709,多云,晴,晴,晴,晴,多云,小雨,小雨,阴,小雨,晴,多云,小雨,阴
710,多云,多云,多云,多云,多云,晴,多云,多云,多云,小雨,多云,多云,多云,多云
711,阴,多云,多云,晴,晴,晴,多云,小雨,小雨,阴,晴,阴,小雨,小雨
712,多云,多云,多云,多云,多云,多云,多云,阵雨,阴,阵雨,多云,多云,多云,多云
713,多云,晴,晴,晴,晴,多云,小雨,小雨,阴,小雨,晴,多云,小雨,阴
714,多云,晴,晴,晴,晴,多云,中雨,阴,阴,多云,多云,多云,多云,多云
715,晴,晴,晴,晴,晴,晴,小到中雨,阴,阴,阴,多云,多云,多云,阴
716,晴,晴,晴,晴,晴,晴,小到中雨,阴,阴,阴,多云,多云,多云,阴
717,晴,晴,晴,晴,晴,晴,小到中雨,阴,阴,阴,多云,多云,多云,阴
718,多云,晴,晴,晴,晴,多云,中雨,阴,阴,多云,多云,多云,多云,多云
719,阴,晴,晴,晴,晴,多云,中雨,小雨,小雨,晴,晴,晴,多云,多云
720,多云,多云,多云,晴,晴,晴,多云,多云,阴,小雨,阴,阴,多云,多云
721,阴,晴,晴,晴,晴,多云,中雨,阴,小到中雨,多云,晴,阴,小雨,阴
722,阴,多云,晴,晴,晴,多云,小雨,小雨,小雨,多云,晴,小雨,小雨,小雨
723,多云,晴,晴,晴,晴,多云,小雨,小雨,阴,小雨,晴,多云,小雨,阴
724,多云,晴,晴,晴,晴,多云,多云,多云,阴,阵雨,阵雨,多云,多云,多云
725,阴,多云,晴,晴,晴,晴,小雨,小雨,小雨,阴,晴,小雨,小雨,小雨
726,多云,晴,晴,霾,雾,多云,多云,晴,多云,阴,多云,晴,霾,晴
727,多云,多云,多云,多云,多云,晴,多云,多云,多云,小雨,多云,多云,多云,多云
728,多云,多云,多云,多云,多云,晴,多云,多云,多云,小雨,多云,多云,多云,多云
729,晴,晴,晴,晴,晴,晴,中雨,阴,阴,阴,晴,多云,多云,多云
730,多云,多云,多云,晴,晴,晴,晴,多云,阴,小雨,小雨,阴,多云,多云
731,多云,多云,多云,晴,晴,晴,多云,多云,阴,小雨,阴,阴,多云,多云
732,阴,多云,多云,晴,晴,多云,阴,小雨,小雨,多云,多云,小雨,阴,小雨
733,阴,多云,多云,阴,多云,多云,阴,阵雨,小雨,多云,多云,阴,多云,多云
734,多云,晴,霾,霾,晴,阴,晴,晴,霾,霾,多云,晴,霾,晴
735,多云,多云,多云,晴,多云,多云,阴,小雨,小雨,小雨,多云,阵雨,多云,多云
736,多云,晴,晴,晴,晴,多云,小雨,小雨,阴,小雨,晴,多云,小雨,阴
737,多云,多云,多云,晴,晴,晴,多云,多云,阴,小雨,阴,阴,多云,多云
738,阴,多云,多云,晴,晴,多云,阴,小雨,小雨,多云,多云,小雨,阴,小雨
739,多云,多云,多云,晴,多云,多云,阴,小雨,小雨,小雨,多云,阵雨,多云,多云
740,阴,多云,晴,晴,晴,多云,小雨,小雨,小雨,多云,晴,小雨,小雨,小雨
741,晴,晴,晴,晴,晴,晴,小到中雨,阴,阴,阴,多云,多云,多云,阴
742,多云,晴,晴,晴,晴,多云,小雨,小雨,阴,小雨,晴,多云,小雨,阴
743,多云,晴,霾,霾,晴,阴,晴,晴,霾,霾,多云,晴,霾,晴
744,多云,晴,晴,晴,晴,阴,小雨,多云,多云,晴,晴,晴,多云,多云
745,多云,晴,晴,晴,晴,多云,小雨,小雨,阴,小雨,晴,多云,小雨,阴
746,多云,多云,多云,晴,晴,晴,多云,多云,阴,小雨,阴,阴,多云,多云
747,多云,晴,晴,多云,晴,多云,阵雨,阴,阴,阴,晴,多云,多云,阴
748,阵雨,多云,晴,晴,晴,多云,小雨,小雨,小雨,多云,晴,多云,阵雨,阵雨
749,多云,晴,晴,晴,晴,多云,中雨,阴,阴,多云,多云,多云,多云,多云
750,小雨,多云,晴,晴,晴,多云,小雨,小雨,小雨,多云,晴,阴,小雨,小雨
751,晴,晴,晴,晴,晴,晴,小到中雨,阴,阴,阴,多云,多云,多云,阴
752,多云,多云,多云,多云,多云,晴,多云,多云,多云,小雨,多云,多云,多云,多云
753,晴,多云,晴,晴,晴,多云,小雨,晴,晴,晴,晴,晴,霾,霾
754,阴,多云,晴,晴,晴,多云,小雨,小雨,小雨,多云,晴,小雨,小雨,小雨
755,小雨,阴,多云,多云,晴,多云,阴,阵雨,小雨,多云,晴,阵雨,阴,多云
756,阴,多云,晴,晴,晴,多云,小雨,小雨,小雨,多云,晴,小雨,小雨,小雨
757,阴,阴,多云,多云,阴,阴,小雨,小雨,小雨,多云,多云,阴,阴,阴
758,阴,多云,晴,晴,晴,多云,小雨,小雨,小雨,多云,晴,小雨,小雨,小雨
759,多云,晴,晴,晴,晴,多云,小雨,小雨,阴,小雨,晴,多云,小雨,阴
760,阴,晴,晴,晴,晴,多云,中雨,小雨,小雨,晴,晴,晴,多云,多云
761,多云,多云,多云,多云,多云,晴,多云,多云,多云,小雨,多云,多云,多云,多云
762,多云,晴,霾,霾,霾,多云,晴,晴,多云,多云,晴,霾,霾,霾
763,阴,多云,多云,晴,晴,多云,阵雨,阵雨,阵雨,多云,晴,阵雨,阴,小雨
764,阴,多云,多云,晴,晴,多云,阵雨,阵雨,阵雨,多云,晴,阵雨,阴,小雨
765,多云,晴,晴,晴,晴,多云,小雨,小雨,阴,小雨,晴,多云,小雨,阴
766,阴,阴,多云,多云,阴,阴,小雨,小雨,小雨,多云,多云,阴,阴,阴
767,多云,多云,多云,晴,晴,多云,多云,晴,阴,小雨,小雨,多云,晴,晴
768,阴,多云,晴,晴,晴,晴,小雨,小雨,小雨,阴,晴,小雨,小雨,小雨
769,阴,多云,晴,晴,晴,多云,小雨,小雨,小雨,多云,晴,小雨,小雨,小雨
770,阴,多云,晴,晴,晴,多云,小雨,小雨,小雨,多云,晴,小雨,小雨,小雨
771,多云,多云,多云,晴,多云,多云,阴,小雨,小雨,小雨,多云,阵雨,多云,多云
772,多云,晴,晴,霾,雾,多云,多云,晴,多云,阴,多云,晴,霾,晴
773,晴,晴,晴,晴,晴,晴,小到中雨,阴,阴,阴,多云,多云,多云,阴
774,阴,晴,晴,晴,晴,多云,中雨,小雨,小雨,晴,晴,晴,多云,多云
775,多云,晴,霾,霾,晴,阴,晴,晴,霾,霾,多云,晴,霾,晴
776,阴,阴,多云,多云,阴,阴,小雨,小雨,小雨,多云,多云,阴,阴,阴
777,阴,多云,晴,晴,晴,多云,小雨,小雨,小雨,多云,晴,小雨,小雨,小雨
778,多云,晴,晴,晴,晴,多云,小雨,小雨,阴,小雨,晴,多云,小雨,阴
779,小雨,多云,晴,晴,晴,多云,小雨,小雨,小雨,多云,晴,阴,小雨,小雨
780,阴,多云,多云,晴,晴,多云,阴,小雨,小雨,多云,多云,小雨,阴,小雨
781,晴,晴,晴,晴,晴,晴,中雨,阴,阴,阴,晴,多云,多云,多云
782,晴,多云,多云,阵雨,霾,晴,中到大雪,晴,晴,小雨,多云,多云,多云,晴
783,晴,多云,晴,晴,晴,多云,小雨,晴,晴,晴,晴,晴,霾,霾
784,多云,多云,晴,晴,晴,阴,小雨,小雨,小雨,多云,晴,小雨,小雨,小雨
785,多云,晴,晴,晴,晴,多云,小到中雨,阴,阴,阴,晴,多云,阴,阴
786,晴,晴,晴,晴,多云,多云,晴,晴,多云,多云,晴,晴,晴,晴
787,阴,阴,多云,多云,阴,阴,小雨,小雨,小雨,多云,多云,阴,阴,阴
788,多云,晴,霾,霾,晴,阴,晴,晴,霾,霾,多云,晴,霾,晴
789,多云,晴,晴,晴,晴,多云,小雨,小雨,阴,小雨,晴,多云,小雨,阴
790,阴,多云,晴,晴,晴,多云,小雨,小雨,小雨,多云,晴,小雨,小雨,小雨
791,阴,阴,多云,多云,多云,小雨,小雨,小雨,小雨,晴,阴,多云,多云,多云
792,多云,晴,晴,晴,晴,多云,小雨,小雨,阴,小雨,晴,多云,小雨,阴
793,阴,阴,多云,阴,阴,小雨,阴,阴,阴,阴,阴,阴,阴,多云
794,阴,晴,晴,晴,晴,多云,中雨,小雨,小雨,晴,晴,晴,多云,多云
795,多云,晴,晴,晴,晴,多云,小雨,小雨,阴,小雨,晴,多云,小雨,阴
796,多云,多云,多云,晴,晴,晴,多云,多云,阴,小雨,阴,阴,多云,多云
797,多云,多云,晴,晴,多云,多云,小雨,小雨,阴,多云,晴,多云,多云,小雨
798,多云,晴,霾,霾,晴,阴,晴,晴,霾,霾,多云,晴,霾,晴
799,多云,晴,晴,多云,晴,多云,阵雨,阴,阴,阴,晴,多云,多云,阴
800,多云,晴,晴,晴,晴,多云,小雨,小雨,阴,小雨,晴,多云,小雨,阴
801,阴,晴,晴,晴,晴,多云,中雨,小雨,小雨,晴,晴,晴,多云,多云
802,多云,多云,多云,多云,多云,多云,多云,阵雨,阴,阵雨,多云,多云,多云,多云
803,阴,晴,晴,晴,晴,多云,中雨,小雨,小雨,晴,晴,晴,多云,多云
804,多云,晴,霾,霾,晴,阴,晴,晴,霾,霾,多云,晴,霾,晴
805,多云,晴,霾,霾,晴,阴,晴,晴,霾,霾,多云,晴,霾,晴
806,多云,晴,晴,晴,晴,多云,小雨,小雨,阴,小雨,晴,多云,小雨,阴
807,晴,多云,晴,晴,多云,晴,晴,阴,阴,小雨,阴,多云,多云,多云
808,阴,晴,晴,晴,晴,多云,中雨,小雨,小雨,晴,晴,晴,多云,多云
809,多云,晴,霾,霾,晴,阴,晴,晴,霾,霾,多云,晴,霾,晴
810,多云,晴,霾,霾,晴,阴,晴,晴,霾,霾,多云,晴,霾,晴
811,多云,晴,晴,晴,晴,多云,小雨,小雨,阴,小雨,晴,多云,小雨,阴
812,阴,多云,晴,晴,晴,多云,小雨,小雨,小雨,多云,晴,小雨,小雨,小雨
813,多云,晴,霾,霾,晴,阴,晴,晴,霾,霾,多云,晴,霾,晴
814,阴,多云,晴,晴,晴,多云,小雨,小雨,小雨,多云,晴,小雨,小雨,小雨
815,晴,晴,晴,晴,晴,小雨,晴,晴,多云,晴,晴,晴,晴,晴
816,多云,晴,晴,晴,晴,多云,中雨,阴,阴,多云,多云,多云,多云,多云
817,多云,晴,晴,晴,晴,多云,小雨,小雨,阴,小雨,晴,多云,小雨,阴
818,多云,晴,晴,晴,晴,多云,小雨,小雨,阴,小雨,晴,多云,小雨,阴
819,多云,晴,霾,霾,晴,阴,晴,晴,霾,霾,多云,晴,霾,晴
820,阴,晴,晴,晴,晴,多云,中雨,小雨,小雨,晴,晴,晴,多云,多云
821,多云,晴,晴,晴,晴,多云,小雨,小雨,阴,小雨,晴,多云,小雨,阴
822,阴,多云,晴,晴,晴,多云,小雨,小雨,小雨,多云,晴,小雨,小雨,小雨
823,阴,晴,晴,晴,晴,多云,中雨,小雨,小雨,晴,晴,晴,多云,多云
824,多云,晴,晴,晴,晴,多云,小雨,小雨,阴,小雨,晴,多云,小雨,阴
825,阴,晴,晴,晴,晴,多云,中雨,小雨,小雨,晴,晴,晴,多云,多云
826,多云,晴,霾,霾,晴,阴,晴,晴,霾,霾,多云,晴,霾,晴
827,多云,晴,霾,霾,晴,阴,晴,晴,霾,霾,多云,晴,霾,晴
828,晴,晴,晴,晴,晴,晴,小到中雨,阴,阴,阴,多云,多云,多云,阴
829,阴,多云,晴,晴,晴,多云,小雨,小雨,小雨,多云,晴,小雨,小雨,小雨
830,晴,多云,晴,阵雪,霾,霾,阵雪,晴,晴,雨夹雪,中雪,晴,雨夹雪,多云
831,晴,晴,晴,晴,晴,晴,小到中雨,阴,阴,阴,多云,多云,多云,阴
832,阴,晴,晴,晴,晴,多云,中雨,小雨,小雨,晴,晴,晴,多云,多云
833,阴,多云,多云,晴,晴,多云,阴,小雨,小雨,多云,多云,小雨,阴,小雨
834,多云,晴,晴,晴,晴,多云,小雨,小雨,阴,小雨,晴,多云,小雨,阴
835,晴,晴,晴,晴,晴,晴,小到中雨,阴,阴,阴,多云,多云,多云,阴
836,多云,阴,晴,多云,多云,晴,多云,阵雨,阴,阵雨,多云,多云,晴,多云
837,阴,阴,多云,多云,多云,小雨,小雨,小雨,小雨,晴,阴,多云,多云,多云
838,晴,晴,晴,晴,晴,晴,小到中雨,阴,阴,阴,多云,多云,多云,阴
839,阴,晴,晴,晴,晴,多云,中雨,小雨,小雨,晴,晴,晴,多云,多云
840,阴,晴,晴,晴,晴,多云,中雨,小雨,小雨,晴,晴,晴,多云,多云
841,多云,晴,晴,晴,晴,多云,小雨,小雨,阴,小雨,晴,多云,小雨,阴
842,多云,晴,晴,晴,晴,多云,小雨,小雨,阴,小雨,晴,多云,小雨,阴
843,多云,多云,多云,晴,晴,晴,晴,多云,阴,小雨,小雨,阴,多云,多云
844,阴,晴,晴,晴,晴,多云,中雨,小雨,小雨,晴,晴,晴,多云,多云
845,阴,晴,晴,晴,晴,多云,中雨,小雨,小雨,晴,晴,晴,多云,多云
846,阴,多云,多云,多云,晴,多云,多云,阵雨,多云,多云,晴,阴,多云,多云
847,阴,多云,晴,晴,晴,多云,小雨,小雨,小雨,多云,晴,小雨,小雨,小雨
848,多云,多云,多云,多云,多云,晴,多云,多云,多云,小雨,多云,多云,多云,多云
849,阴,多云,晴,晴,晴,多云,小雨,小雨,小雨,多云,晴,小雨,小雨,小雨
850,阴,多云,晴,晴,晴,多云,小雨,小雨,小雨,多云,晴,小雨,小雨,小雨
851,多云,晴,晴,晴,晴,晴,多云,多云,阴,小雨,多云,多云,晴,晴
852,阴,晴,晴,晴,晴,多云,中雨,小雨,小雨,晴,晴,晴,多云,多云
853,多云,多云,晴,晴,晴,阴,小雨,多云,多云,晴,晴,多云,多云,多云
854,阴,多云,晴,晴,晴,多云,小雨,小雨,小雨,多云,晴,小雨,小雨,小雨
855,多云,晴,霾,霾,晴,阴,晴,晴,霾,霾,多云,晴,霾,晴
856,多云,多云,多云,晴,晴,晴,多云,多云,阴,小雨,阴,阴,多云,多云
857,阴,多云,多云,晴,晴,多云,阴,小雨,小雨,多云,多云,小雨,阴,小雨
858,多云,晴,晴,晴,晴,多云,小雨,小雨,阴,小雨,晴,多云,小雨,阴
859,多云,晴,晴,晴,晴,多云,小雨,小雨,阴,小雨,晴,多云,小雨,阴
860,多云,晴,晴,多云,晴,多云,阵雨,阴,阴,阴,晴,多云,多云,阴
861,阴,多云,晴,晴,晴,多云,小雨,小雨,小雨,多云,晴,小雨,小雨,小雨
862,多云,晴,晴,晴,晴,多云,小雨,小雨,阴,小雨,晴,多云,小雨,阴
863,阴,多云,晴,晴,晴,多云,小雨,小雨,小雨,多云,晴,小雨,小雨,小雨
864,晴,晴,晴,晴,晴,晴,小到中雨,阴,阴,阴,多云,多云,多云,阴
865,多云,晴,晴,晴,晴,多云,小到中雨,阴,阴,阴,晴,多云,阴,阴
866,晴,晴,晴,晴,晴,晴,小到中雨,阴,阴,阴,多云,多云,多云,阴
867,多云,晴,霾,霾,晴,阴,晴,晴,霾,霾,多云,晴,霾,晴
868,多云,晴,晴,多云,晴,多云,阵雨,阴,阴,阴,晴,多云,多云,阴
869,多云,多云,晴,晴,晴,晴,小雨,小雨,阴,阴,晴,多云,多云,阴
870,多云,晴,晴,多云,晴,多云,阵雨,阴,阴,阴,晴,多云,多云,阴
871,小雨,多云,晴,晴,晴,晴,多云,中雨,阴,阴,多云,阵雨,小雨,小雨
872,阴,晴,晴,晴,晴,多云,中雨,小雨,小雨,晴,晴,晴,多云,多云
873,多云,晴,晴,晴,晴,多云,小雨,小雨,阴,小雨,晴,多云,小雨,阴
874,多云,晴,霾,霾,晴,阴,晴,晴,霾,霾,多云,晴,霾,晴
875,多云,多云,多云,晴,晴,晴,多云,多云,阴,小雨,阴,阴,多云,多云
876,阴,多云,多云,阴,多云,多云,阴,阵雨,小雨,多云,多云,阴,多云,多云
877,阴,晴,晴,晴,晴,多云,中雨,小雨,小雨,晴,晴,晴,多云,多云
878,阴,晴,晴,晴,晴,多云,中雨,小雨,小雨,晴,晴,晴,多云,多云
879,多云,多云,多云,多云,多云,晴,多云,多云,多云,小雨,多云,多云,多云,多云
880,多云,晴,晴,晴,晴,多云,小雨,小雨,阴,小雨,晴,多云,小雨,阴
881,多云,晴,晴,晴,晴,多云,小雨,小雨,阴,小雨,晴,多云,小雨,阴
882,多云,晴,晴,晴,晴,小雨,晴,晴,晴,多云,多云,多云,多云,晴
883,多云,晴,晴,晴,晴,多云,小雨,小雨,阴,小雨,晴,多云,小雨,阴
884,阴,多云,晴,晴,晴,多云,小雨,小雨,小雨,多云,晴,小雨,小雨,小雨
885,阴,晴,晴,晴,晴,多云,中雨,小雨,小雨,晴,晴,晴,多云,多云
886,阴,多云,晴,晴,晴,多云,小雨,小雨,小雨,多云,晴,小雨,小雨,小雨
887,阴,晴,晴,晴,晴,多云,中雨,小雨,小雨,晴,晴,晴,多云,多云
888,阴,阴,多云,多云,多云,小雨,小雨,小雨,小雨,晴,阴,多云,多云,多云
889,阴,阴,多云,多云,多云,小雨,中雨,小雨,小雨,多云,多云,多云,阴,阴
890,多云,晴,晴,晴,多云,多云,多云,多云,多云,阵雨,多云,多云,多云,多云
891,阴,多云,晴,晴,晴,多云,小雨,小雨,小雨,多云,晴,小雨,小雨,小雨
892,阴,多云,晴,晴,晴,晴,小雨,小雨,阴,阴,晴,多云,阴,小雨
893,多云,多云,多云,多云,多云,多云,多云,多云,多云,多云,多云,多云,多云,多云
894,多云,晴,晴,晴,晴,多云,多云,多云,阴,阵雨,阵雨,多云,多云,多云
895,多云,晴,晴,晴,晴,多云,小雨,小雨,阴,小雨,晴,多云,小雨,阴
896,阴,多云,多云,晴,晴,多云,阴,小雨,小雨,多云,多云,小雨,阴,小雨
897,阴,多云,晴,晴,晴,多云,小雨,小雨,小雨,多云,晴,小雨,小雨,小雨
898,多云,多云,多云,多云,多云,晴,多云,多云,多云,小雨,多云,多云,多云,多云
899,多云,晴,霾,霾,晴,阴,晴,晴,霾,霾,多云,晴,霾,晴
900,阴,多云,多云,阴,多云,多云,阴,阵雨,小雨,多云,多云,阴,多云,多云
901,多云,晴,霾,霾,晴,阴,晴,晴,霾,霾,多云,晴,霾,晴
902,阴,阴,多云,多云,多云,小雨,小雨,小雨,小雨,晴,阴,多云,多云,多云
903,多云,晴,霾,霾,晴,阴,晴,晴,霾,霾,多云,晴,霾,晴
904,晴,晴,晴,晴,晴,晴,小到中雨,阴,阴,阴,多云,多云,多云,阴
905,多云,晴,晴,晴,晴,多云,小雨,小雨,阴,小雨,晴,多云,小雨,阴
906,多云,晴,晴,晴,晴,多云,中雨,阴,阴,多云,多云,多云,多云,多云
907,晴,晴,晴,晴,晴,多云,小雨,多云,多云,阴,晴,晴,晴,雾
908,晴,晴,晴,晴,晴,晴,小到中雨,阴,阴,阴,多云,多云,多云,阴
909,晴,晴,晴,晴,晴,晴,小到中雨,阴,阴,阴,多云,多云,多云,阴
910,多云,晴,晴,晴,晴,多云,小雨,小雨,阴,小雨,晴,多云,小雨,阴
911,阴,晴,晴,晴,晴,多云,中雨,阴,小到中雨,多云,晴,阴,小雨,阴
912,多云,多云,霾,霾,霾,小雨,阴,阴,阴,晴,晴,多云,霾,霾
913,多云,多云,多云,晴,晴,晴,多云,多云,阴,小雨,阴,阴,多云,多云
914,阴,多云,晴,晴,晴,多云,小雨,小雨,小雨,多云,晴,小雨,小雨,小雨
915,阴,多云,晴,晴,晴,晴,小雨,小雨,阴,阴,晴,多云,阴,小雨
916,阴,晴,晴,晴,晴,多云,中雨,小雨,小雨,晴,晴,晴,多云,多云
917,多云,晴,晴,晴,晴,多云,小雨,小雨,阴,小雨,晴,多云,小雨,阴
918,阴,晴,晴,晴,晴,多云,中雨,小雨,小雨,晴,晴,晴,多云,多云
919,多云,晴,晴,晴,晴,多云,小雨,小雨,阴,小雨,晴,多云,小雨,阴
920,多云,晴,晴,晴,晴,多云,小雨,小雨,阴,小雨,晴,多云,小雨,阴
921,多云,阴,晴,多云,多云,晴,多云,阵雨,阴,阵雨,多云,多云,晴,多云
922,多云,晴,晴,多云,晴,多云,阵雨,阴,阴,阴,晴,多云,多云,阴
923,多云,多云,多云,多云,多云,多云,多云,阵雨,阴,阵雨,多云,多云,多云,多云
924,阴,晴,晴,晴,晴,多云,中雨,小雨,小雨,晴,晴,晴,多云,多云
925,多云,晴,霾,霾,晴,阴,晴,晴,霾,霾,多云,晴,霾,晴
926,晴,晴,晴,晴,晴,多云,小雨,多云,多云,阴,晴,晴,晴,雾
927,阴,晴,晴,晴,晴,多云,中雨,小雨,小雨,晴,晴,晴,多云,多云
928,多云,多云,多云,多云,多云,晴,多云,多云,多云,小雨,多云,多云,多云,多云
929,多云,晴,晴,晴,晴,多云,小雨,多云,晴,小雨,多云,多云,晴,多云
930,阴,晴,晴,晴,晴,多云,中雨,小雨,小雨,晴,晴,晴,多云,多云
931,多云,晴,霾,霾,晴,阴,晴,晴,霾,霾,多云,晴,霾,晴
932,阴,多云,晴,晴,晴,多云,小雨,小雨,小雨,多云,晴,小雨,小雨,小雨
933,阴,多云,晴,晴,晴,多云,小雨,小雨,小雨,多云,晴,小雨,小雨,小雨
934,阴,多云,晴,晴,晴,多云,小雨,小雨,小雨,多云,晴,小雨,小雨,小雨
935,多云,晴,霾,霾,晴,阴,晴,晴,霾,霾,多云,晴,霾,晴
936,多云,晴,晴,晴,晴,多云,小雨,小雨,阴,小雨,晴,多云,小雨,阴
937,阴,阴,多云,多云,多云,小雨,小雨,小雨,小雨,晴,阴,多云,多云,多云
938,阴,阴,多云,多云,多云,小雨,中雨,小雨,小雨,多云,多云,多云,阴,阴
939,阴,多云,晴,晴,晴,多云,小雨,小雨,小雨,多云,晴,小雨,小雨,小雨
940,多云,晴,晴,晴,晴,多云,小雨,小雨,阴,小雨,晴,多云,小雨,阴
941,多云,晴,霾,霾,霾,多云,晴,晴,多云,多云,晴,霾,霾,霾
942,阵雨,多云,晴,晴,晴,多云,小雨,小雨,小雨,多云,晴,多云,阵雨,阵雨
943,多云,晴,晴,多云,晴,多云,阵雨,阴,阴,阴,晴,多云,多云,阴
944,多云,晴,晴,晴,晴,多云,中雨,阴,阴,多云,多云,多云,多云,多云
945,多云,多云,晴,晴,晴,阴,小雨,多云,多云,晴,晴,多云,多云,多云
946,晴,晴,晴,晴,晴,晴,小到中雨,阴,阴,阴,多云,多云,多云,阴
947,多云,多云,多云,晴,晴,晴,多云,多云,阴,小雨,阴,阴,多云,多云
948,多云,晴,霾,霾,晴,阴,晴,晴,霾,霾,多云,晴,霾,晴
949,晴,晴,晴,晴,晴,多云,小雨,多云,多云,阴,晴,晴,晴,雾
950,阴,多云,晴,晴,晴,多云,小雨,小雨,小雨,多云,晴,小雨,小雨,小雨
951,多云,晴,晴,晴,晴,多云,小雨,小雨,阴,小雨,晴,多云,小雨,阴
952,晴,多云,晴,晴,晴,晴,雨夹雪,晴,晴,小雨,晴,晴,晴,晴
953,多云,晴,晴,晴,晴,多云,小雨,小雨,阴,小雨,晴,多云,小雨,阴
954,阴,多云,多云,晴,晴,多云,阵雨,阵雨,阵雨,多云,晴,阵雨,阴,小雨
955,多云,多云,多云,晴,晴,晴,多云,多云,阴,小雨,阴,阴,多云,多云
956,小雨,多云,晴,晴,晴,多云,小雨,小雨,小雨,多云,晴,阴,小雨,小雨
957,阴,阴,多云,多云,多云,小雨,小雨,小雨,小雨,晴,阴,多云,多云,多云
958,多云,多云,多云,多云,多云,晴,多云,多云,多云,小雨,多云,多云,多云,多云
959,阴,多云,晴,晴,晴,多云,小雨,小雨,小雨,多云,晴,小雨,小雨,小雨
960,晴,晴,晴,晴,晴,晴,小到中雨,阴,阴,阴,多云,多云,多云,阴
961,多云,晴,霾,霾,晴,阴,晴,晴,霾,霾,多云,晴,霾,晴
962,阴,多云,晴,晴,晴,晴,小雨,小雨,阴,阴,晴,多云,阴,小雨
963,多云,晴,晴,晴,晴,多云,小雨,小雨,阴,小雨,晴,多云,小雨,阴
964,晴,晴,晴,晴,晴,晴,小到中雨,阴,阴,阴,多云,多云,多云,阴
965,多云,多云,多云,晴,晴,晴,多云,多云,阴,小雨,阴,阴,多云,多云
966,多云,晴,晴,多云,晴,多云,阵雨,阴,阴,阴,晴,多云,多云,阴
967,晴,晴,晴,晴,晴,晴,小到中雨,阴,阴,阴,多云,多云,多云,阴
968,阴,多云,晴,晴,晴,多云,小雨,小雨,小雨,多云,晴,小雨,小雨,小雨
969,阴,多云,多云,晴,晴,多云,阴,小雨,小雨,多云,多云,小雨,阴,小雨
970,多云,晴,霾,霾,晴,阴,晴,晴,霾,霾,多云,晴,霾,晴
971,阴,晴,晴,晴,晴,多云,中雨,小雨,小雨,晴,晴,晴,多云,多云
972,阴,多云,晴,晴,晴,晴,小雨,小雨,小雨,阴,晴,小雨,小雨,小雨
973,多云,晴,晴,晴,晴,多云,中雨,阴,阴,多云,多云,多云,多云,多云
974,阴,晴,晴,晴,晴,多云,中雨,小雨,小雨,晴,晴,晴,多云,多云
975,多云,多云,多云,晴,晴,晴,多云,多云,阴,小雨,阴,阴,多云,多云
976,多云,多云,多云,晴,晴,晴,多云,多云,阴,小雨,阴,阴,多云,多云
977,多云,多云,多云,晴,晴,晴,多云,多云,阴,小雨,阴,阴,多云,多云
978,阴,多云,多云,晴,晴,多云,阴,小雨,小雨,多云,多云,小雨,阴,小雨
979,多云,晴,晴,多云,晴,多云,阵雨,阴,阴,阴,晴,多云,多云,阴
980,阵雨,多云,晴,晴,晴,多云,小雨,小雨,小雨,多云,晴,多云,阵雨,阵雨
981,阴,晴,晴,晴,晴,多云,中雨,小雨,小雨,晴,晴,晴,多云,多云
982,多云,晴,晴,晴,晴,多云,小雨,小雨,阴,小雨,晴,多云,小雨,阴
983,多云,晴,霾,霾,晴,阴,晴,晴,霾,霾,多云,晴,霾,晴
984,多云,晴,晴,霾,雾,多云,多云,晴,多云,阴,多云,晴,霾,晴
985,多云,晴,霾,霾,晴,阴,晴,晴,霾,霾,多云,晴,霾,晴
986,多云,多云,晴,晴,晴,阴,小雨,小雨,小雨,多云,晴,小雨,小雨,小雨
987,多云,晴,晴,晴,晴,多云,小雨,小雨,阴,小雨,晴,多云,小雨,阴
988,多云,晴,晴,晴,晴,多云,小雨,小雨,阴,小雨,晴,多云,小雨,阴
989,阴,多云,晴,晴,晴,多云,小雨,小雨,小雨,多云,晴,小雨,小雨,小雨
990,多云,晴,晴,多云,晴,多云,阵雨,阴,阴,阴,晴,多云,多云,阴
991,多云,晴,晴,晴,晴,小雨,小雨,阴,小雨,晴,晴,晴,多云,多云
992,阴,晴,晴,晴,晴,多云,中雨,小雨,小雨,晴,晴,晴,多云,多云
993,多云,晴,晴,晴,晴,多云,小雨,小雨,阴,小雨,晴,多云,小雨,阴
994,阴,多云,晴,晴,晴,晴,小雨,小雨,阴,阴,晴,多云,阴,小雨
995,阴,多云,多云,晴,晴,多云,阴,小雨,小雨,多云,多云,小雨,阴,小雨
996,多云,晴,霾,霾,晴,阴,晴,晴,霾,霾,多云,晴,霾,晴
997,阴,多云,多云,晴,晴,多云,阵雨,阵雨,阵雨,多云,晴,阵雨,阴,小雨
998,多云,多云,多云,晴,晴,晴,晴,多云,阴,小雨,小雨,阴,多云,多云
999,多云,多云,多云,多云,多云,晴,多云,多云,多云,小雨,多云,多云,多云,多云
1000,多云,多云,多云,晴,晴,晴,多云,多云,阴,小雨,阴,阴,多云,多云
1001,多云,晴,晴,晴,晴,多云,中雨,阴,阴,多云,多云,多云,多云,多云
1002,多云,晴,霾,霾,晴,阴,晴,晴,霾,霾,多云,晴,霾,晴
1003,阴,多云,晴,晴,晴,多云,小雨,小雨,小雨,多云,晴,小雨,小雨,小雨
1004,多云,多云,多云,晴,晴,晴,多云,多云,阴,小雨,阴,阴,多云,多云
1005,阴,多云,晴,晴,晴,多云,小雨,小雨,小雨,多云,晴,小雨,小雨,小雨
1006,多云,多云,晴,晴,晴,小雨,小雨,阴,多云,晴,晴,晴,多云,多云
1007,晴,晴,晴,晴,晴,晴,小到中雨,阴,阴,阴,多云,多云,多云,阴
1008,阴,阴,多云,多云,多云,小雨,小雨,小雨,小雨,晴,阴,多云,多云,多云
1009,阴,多云,晴,晴,晴,多云,小雨,小雨,小雨,多云,晴,小雨,小雨,小雨
1010,多云,晴,霾,霾,晴,阴,晴,晴,霾,霾,多云,晴,霾,晴
1011,多云,多云,多云,晴,晴,晴,多云,多云,阴,小雨,阴,阴,多云,多云
1012,多云,晴,晴,多云,晴,多云,阵雨,阴,阴,阴,晴,多云,多云,阴
1013,多云,晴,霾,霾,晴,阴,晴,晴,霾,霾,多云,晴,霾,晴
1014,晴,晴,晴,晴,晴,晴,小到中雨,阴,阴,阴,多云,多云,多云,阴
1015,阴,多云,多云,晴,晴,多云,阴,小雨,小雨,多云,多云,小雨,阴,小雨
1016,小雨,多云,晴,晴,晴,多云,小雨,小雨,小雨,多云,晴,阴,小雨,小雨
1017,多云,晴,晴,晴,晴,阴,多云,晴,多云,晴,晴,晴,霾,雾
1018,多云,多云,多云,多云,多云,晴,多云,多云,多云,小雨,多云,多云,多云,多云
1019,小雨,多云,晴,晴,晴,晴,多云,中雨,阴,阴,多云,阵雨,小雨,小雨
1020,多云,晴,霾,霾,霾,多云,晴,晴,多云,多云,晴,霾,霾,霾
1021,阴,阴,多云,多云,多云,小雨,中雨,小雨,小雨,多云,多云,多云,阴,阴
1022,多云,晴,晴,多云,晴,多云,阵雨,阴,阴,阴,晴,多云,多云,阴
1023,晴,晴,晴,多云,多云,晴,小雪,晴,多云,小雨,多云,晴,多云,晴
1024,晴,晴,晴,晴,晴,多云,小雨,多云,多云,阴,晴,晴,晴,雾
1025,多云,晴,晴,晴,晴,多云,小到中雨,阴,阴,阴,晴,多云,阴,阴
1026,多云,多云,多云,晴,晴,晴,多云,多云,阴,小雨,阴,阴,多云,多云
1027,阴,晴,晴,晴,晴,多云,中雨,小雨,小雨,晴,晴,晴,多云,多云
1028,多云,多云,多云,多云,多云,晴,多云,多云,多云,小雨,多云,多云,多云,多云
1029,阴,多云,晴,晴,晴,多云,小雨,小雨,小雨,多云,晴,小雨,小雨,小雨
1030,多云,晴,霾,霾,晴,阴,晴,晴,霾,霾,多云,晴,霾,晴
1031,晴,晴,晴,晴,晴,多云,小雨,多云,多云,阴,晴,晴,晴,雾
1032,阴,多云,晴,晴,晴,多云,小雨,小雨,小雨,多云,晴,小雨,小雨,小雨
1033,多云,多云,多云,多云,多云,晴,多云,多云,多云,小雨,多云,多云,多云,多云
1034,晴,晴,晴,晴,晴,小雨,晴,晴,多云,晴,晴,晴,晴,晴
1035,晴,晴,晴,晴,晴,晴,小到中雨,阴,阴,阴,多云,多云,多云,阴
1036,阴,晴,晴,晴,晴,多云,中雨,小雨,小雨,晴,晴,晴,多云,多云
1037,多云,多云,多云,多云,多云,晴,多云,多云,多云,小雨,多云,多云,多云,多云
1038,小雨,多云,晴,晴,晴,多云,小雨,小雨,小雨,多云,晴,阴,小雨,小雨
1039,阴,多云,多云,阴,多云,多云,阴,阵雨,小雨,多云,多云,阴,多云,多云
1040,多云,多云,霾,霾,霾,小雨,阴,阴,阴,晴,晴,多云,霾,霾
1041,小雨,阴,多云,多云,晴,多云,阴,阵雨,小雨,多云,晴,阵雨,阴,多云
1042,小雨,多云,晴,晴,晴,多云,小雨,小雨,小雨,多云,晴,阴,小雨,小雨
1043,阴,晴,晴,晴,晴,多云,中雨,小雨,小雨,晴,晴,晴,多云,多云
1044,阴,晴,晴,晴,晴,多云,中雨,小雨,小雨,晴,晴,晴,多云,多云
1045,多云,晴,霾,霾,晴,阴,晴,晴,霾,霾,多云,晴,霾,晴
1046,晴,晴,晴,晴,晴,多云,小雨,多云,多云,阴,晴,晴,晴,雾
1047,多云,多云,多云,多云,多云,晴,多云,多云,多云,小雨,多云,多云,多云,多云
1048,阴,多云,晴,晴,晴,晴,小雨,小雨,小雨,阴,晴,小雨,小雨,小雨
1049,多云,多云,多云,多云,多云,晴,多云,多云,多云,小雨,多云,多云,多云,多云
1050,多云,晴,晴,晴,晴,多云,阵雨,阴,阴,阴,晴,多云,阵雨,多云
1051,多云,晴,晴,晴,晴,多云,小雨,小雨,阴,小雨,晴,多云,小雨,阴
1052,多云,晴,晴,晴,晴,多云,小雨,小雨,阴,小雨,晴,多云,小雨,阴
1053,多云,晴,晴,晴,晴,多云,小雨,小雨,阴,小雨,晴,多云,小雨,阴
1054,晴,晴,晴,晴,晴,晴,小到中雨,阴,阴,阴,多云,多云,多云,阴
1055,晴,晴,晴,晴,晴,晴,小到中雨,阴,阴,阴,多云,多云,多云,阴
1056,多云,晴,晴,晴,晴,多云,小雨,小雨,阴,小雨,晴,多云,小雨,阴
1057,阴,多云,晴,晴,晴,多云,小雨,小雨,小雨,多云,晴,小雨,小雨,小雨
1058,阴,晴,晴,晴,晴,多云,中雨,阴,小到中雨,多云,晴,阴,小雨,阴
1059,多云,晴,晴,多云,晴,多云,阵雨,阴,阴,阴,晴,多云,多云,阴
1060,多云,多云,多云,晴,晴,晴,多云,多云,阴,小雨,阴,阴,多云,多云
1061,多云,多云,多云,晴,晴,晴,多云,多云,阴,小雨,阴,阴,多云,多云
1062,多云,晴,晴,霾,雾,多云,多云,晴,多云,阴,多云,晴,霾,晴
1063,多云,晴,晴,晴,晴,小雨,晴,晴,晴,雨夹雪,多云,多云,多云,晴
1064,阴,多云,多云,晴,晴,多云,阴,小雨,小雨,多云,多云,小雨,阴,小雨
1065,阴,晴,晴,晴,晴,多云,中雨,小雨,小雨,晴,晴,晴,多云,多云
1066,多云,晴,霾,霾,晴,阴,晴,晴,霾,霾,多云,晴,霾,晴
1067,阴,多云,多云,阴,多云,多云,阴,阵雨,小雨,多云,多云,阴,多云,多云
1068,多云,晴,晴,晴,晴,多云,小雨,小雨,阴,小雨,晴,多云,小雨,阴
1069,阴,阴,多云,多云,阴,阴,小雨,小雨,小雨,多云,多云,阴,阴,阴
1070,阴,多云,多云,晴,晴,多云,阴,小雨,小雨,多云,多云,小雨,阴,小雨
1071,小雨,多云,晴,晴,晴,多云,小雨,小雨,小雨,多云,晴,阴,小雨,小雨
1072,阴,阴,多云,多云,多云,小雨,中雨,小雨,小雨,多云,多云,多云,阴,阴
1073,晴,晴,晴,晴,晴,晴,小到中雨,阴,阴,阴,多云,多云,多云,阴
1074,多云,晴,晴,晴,晴,多云,小雨,小雨,阴,小雨,晴,多云,小雨,阴
1075,阴,多云,多云,晴,晴,晴,多云,小雨,小雨,阴,晴,阴,小雨,小雨
1076,多云,晴,晴,多云,晴,多云,阵雨,阴,阴,阴,晴,多云,多云,阴
1077,阵雨,多云,晴,晴,晴,多云,小雨,小雨,小雨,多云,晴,多云,阵雨,阵雨
1078,阴,多云,多云,阴,多云,多云,阴,阵雨,小雨,多云,多云,阴,多云,多云
1079,晴,晴,晴,霾,晴,晴,小到中雪,霾,霾,小雨,晴,晴,多云,晴
1080,晴,晴,晴,晴,晴,晴,小到中雨,阴,阴,阴,多云,多云,多云,阴
1081,多云,多云,多云,晴,晴,晴,多云,多云,阴,小雨,阴,阴,多云,多云
1082,多云,多云,多云,多云,多云,晴,多云,多云,多云,小雨,多云,多云,多云,多云
1083,阴,阴,多云,多云,多云,小雨,小雨,小雨,小雨,晴,阴,多云,多云,多云
1084,多云,晴,晴,晴,晴,多云,阵雨,阴,阴,阴,晴,多云,阵雨,多云
1085,阴,晴,晴,晴,晴,多云,中雨,阴,小到中雨,多云,晴,阴,小雨,阴
1086,多云,晴,霾,霾,晴,阴,晴,晴,霾,霾,多云,晴,霾,晴
1087,多云,晴,霾,霾,晴,阴,晴,晴,霾,霾,多云,晴,霾,晴
1088,多云,晴,晴,晴,晴,多云,小雨,小雨,阴,小雨,晴,多云,小雨,阴
1089,多云,晴,晴,晴,晴,多云,小雨,小雨,阴,小雨,晴,多云,小雨,阴
1090,阴,多云,晴,晴,晴,多云,小雨,小雨,小雨,多云,晴,小雨,小雨,小雨
1091,晴,多云,晴,晴,晴,多云,小雨,晴,晴,晴,晴,晴,霾,霾
1092,多云,晴,晴,晴,晴,多云,小雨,小雨,阴,小雨,晴,多云,小雨,阴
1093,阴,晴,晴,晴,晴,多云,中雨,小雨,小雨,晴,晴,晴,多云,多云
1094,多云,晴,晴,晴,晴,多云,小雨,小雨,阴,小雨,晴,多云,小雨,阴
1095,晴,晴,晴,晴,晴,多云,小雨,多云,多云,阴,晴,晴,晴,雾
1096,多云,晴,晴,晴,晴,多云,小雨,小雨,阴,小雨,晴,多云,小雨,阴
1097,晴,多云,晴,晴,晴,多云,小雨,晴,晴,多云,晴,多云,晴,霾
1098,阴,晴,晴,晴,晴,多云,中雨,小雨,小雨,晴,晴,晴,多云,多云
1099,多云,多云,多云,晴,晴,晴,多云,多云,阴,小雨,阴,阴,多云,多云
1100,多云,晴,晴,晴,晴,多云,小雨,小雨,阴,小雨,晴,多云,小雨,阴
1101,多云,晴,晴,多云,晴,多云,阵雨,阴,阴,阴,晴,多云,多云,阴
1102,多云,多云,多云,晴,晴,晴,多云,多云,阴,小雨,阴,阴,多云,多云
1103,阴,多云,多云,晴,晴,多云,阴,小雨,小雨,多云,多云,小雨,阴,小雨
1104,多云,晴,晴,晴,晴,多云,小雨,小雨,阴,小雨,晴,多云,小雨,阴
1105,阴,多云,晴,晴,晴,多云,小雨,小雨,小雨,多云,晴,小雨,小雨,小雨
1106,阴,阴,多云,多云,多云,小雨,小雨,小雨,小雨,晴,阴,多云,多云,多云
1107,多云,多云,晴,晴,晴,晴,小雨,小雨,阴,阴,晴,多云,多云,阴
1108,晴,晴,晴,晴,晴,晴,小到中雨,阴,阴,阴,多云,多云,多云,阴
1109,多云,晴,霾,霾,晴,阴,晴,晴,霾,霾,多云,晴,霾,晴
1110,阴,多云,晴,晴,晴,多云,小雨,小雨,小雨,多云,晴,小雨,小雨,小雨
1111,多云,晴,晴,晴,晴,多云,小雨,小雨,阴,小雨,晴,多云,小雨,阴
1112,多云,多云,多云,多云,多云,晴,多云,多云,多云,小雨,多云,多云,多云,多云
1113,阴,多云,多云,晴,晴,多云,阴,小雨,小雨,多云,多云,小雨,阴,小雨
1114,多云,晴,晴,晴,晴,多云,小雨,小雨,阴,小雨,晴,多云,小雨,阴
1115,多云,晴,霾,霾,晴,阴,晴,晴,霾,霾,多云,晴,霾,晴
1116,晴,晴,晴,晴,晴,晴,小到中雨,阴,阴,阴,多云,多云,多云,阴
1117,多云,多云,多云,晴,晴,晴,多云,多云,阴,小雨,阴,阴,多云,多云
1118,阴,多云,晴,晴,晴,多云,小雨,小雨,小雨,多云,晴,小雨,小雨,小雨
1119,阴,多云,晴,晴,晴,多云,小雨,小雨,小雨,多云,晴,小雨,小雨,小雨
1120,晴,晴,晴,晴,晴,多云,小雨,多云,多云,阴,晴,晴,晴,雾
1121,多云,多云,多云,多云,多云,多云,多云,阵雨,阴,阵雨,多云,多云,多云,多云
1122,多云,晴,晴,晴,晴,晴,多云,多云,阴,小雨,多云,多云,晴,晴
1123,阴,晴,晴,晴,晴,多云,中雨,小雨,小雨,晴,晴,晴,多云,多云
1124,阴,晴,晴,晴,晴,多云,中雨,小雨,小雨,晴,晴,晴,多云,多云
1125,多云,多云,多云,晴,晴,晴,多云,多云,阴,小雨,阴,阴,多云,多云
1126,多云,晴,晴,晴,晴,小雨,晴,晴,晴,多云,多云,多云,多云,晴
1127,阴,多云,多云,阴,多云,多云,阴,阵雨,小雨,多云,多云,阴,多云,多云
1128,阴,晴,晴,晴,晴,多云,中雨,小雨,小雨,晴,晴,晴,多云,多云
1129,阴,晴,晴,晴,晴,多云,中雨,阴,小到中雨,多云,晴,阴,小雨,阴
1130,阴,多云,多云,晴,晴,多云,阴,小雨,小雨,多云,多云,小雨,阴,小雨
1131,晴,多云,晴,晴,晴,多云,小雨,晴,晴,晴,晴,晴,霾,霾
1132,多云,晴,晴,晴,晴,多云,小雨,小雨,阴,小雨,晴,多云,小雨,阴
1133,晴,多云,晴,晴,晴,多云,小雨,晴,晴,晴,晴,晴,霾,霾
1134,阵雨,多云,晴,晴,晴,多云,小雨,小雨,小雨,多云,晴,多云,阵雨,阵雨
1135,多云,晴,晴,多云,晴,多云,阵雨,阴,阴,阴,晴,多云,多云,阴
1136,晴,多云,晴,晴,多云,晴,晴,阴,阴,小雨,阴,多云,多云,多云
1137,多云,晴,晴,晴,多云,多云,多云,多云,多云,阵雨,多云,多云,多云,多云
1138,晴,晴,晴,晴,晴,晴,小到中雨,阴,阴,阴,多云,多云,多云,阴
1139,晴,多云,晴,晴,多云,晴,晴,阴,阴,小雨,阴,多云,多云,多云
1140,多云,晴,晴,晴,晴,多云,小雨,小雨,阴,小雨,晴,多云,小雨,阴
1141,晴,多云,晴,晴,晴,多云,小雨,晴,晴,晴,晴,晴,霾,霾
1142,多云,晴,霾,霾,霾,多云,晴,晴,多云,多云,晴,霾,霾,霾
1143,阴,多云,多云,晴,晴,多云,阴,小雨,小雨,多云,多云,小雨,阴,小雨
1144,多云,晴,晴,晴,晴,多云,小雨,小雨,阴,小雨,晴,多云,小雨,阴
1145,多云,晴,晴,晴,晴,多云,小雨,小雨,阴,小雨,晴,多云,小雨,阴
1146,阴,晴,晴,晴,晴,多云,中雨,小雨,小雨,晴,晴,晴,多云,多云
1147,晴,晴,晴,晴,晴,晴,小到中雨,阴,阴,阴,多云,多云,多云,阴
1148,多云,多云,多云,多云,多云,多云,多云,阵雨,阴,阵雨,多云,多云,多云,多云
1149,阴,晴,晴,晴,晴,多云,中雨,阴,小到中雨,多云,晴,阴,小雨,阴
1150,多云,晴,晴,晴,晴,多云,小雨,小雨,阴,小雨,晴,多云,小雨,阴
1151,多云,多云,多云,多云,多云,晴,多云,多云,多云,小雨,多云,多云,多云,多云
1152,多云,晴,晴,晴,晴,多云,小雨,小雨,阴,小雨,晴,多云,小雨,阴
1153,多云,晴,晴,晴,晴,多云,小雨,小雨,阴,小雨,晴,多云,小雨,阴
1154,多云,晴,晴,晴,晴,多云,小到中雨,阴,阴,阴,晴,多云,阴,阴
1155,阴,多云,多云,晴,晴,多云,阴,小雨,小雨,多云,多云,小雨,阴,小雨
1156,晴,多云,晴,晴,晴,晴,雨夹雪,晴,晴,小雨,晴,晴,晴,晴
1157,多云,晴,霾,霾,晴,阴,晴,晴,霾,霾,多云,晴,霾,晴
1158,阴,多云,晴,晴,晴,多云,小雨,小雨,小雨,多云,晴,小雨,小雨,小雨
1159,阴,多云,晴,晴,晴,多云,小雨,小雨,小雨,多云,晴,小雨,小雨,小雨
1160,多云,晴,晴,晴,晴,多云,小雨,小雨,阴,小雨,晴,多云,小雨,阴
1161,阴,多云,多云,多云,晴,多云,多云,阵雨,多云,多云,晴,阴,多云,多云
1162,多云,晴,晴,晴,晴,多云,小雨,小雨,阴,小雨,晴,多云,小雨,阴
1163,多云,晴,晴,晴,晴,多云,小雨,小雨,阴,小雨,晴,多云,小雨,阴
1164,晴,多云,晴,晴,晴,晴,雨夹雪,晴,晴,小雨,晴,晴,晴,晴
1165,多云,多云,多云,晴,晴,晴,多云,多云,阴,小雨,阴,阴,多云,多云
1166,多云,晴,晴,多云,晴,多云,阵雨,阴,阴,阴,晴,多云,多云,阴
1167,小雨,阴,多云,多云,晴,多云,阴,阵雨,小雨,多云,晴,阵雨,阴,多云
1168,晴,晴,晴,晴,晴,多云,小雨,多云,阴,多云,多云,阴,多云,多云
1169,阴,多云,多云,晴,晴,多云,阴,小雨,小雨,多云,多云,小雨,阴,小雨
1170,小雨,多云,晴,晴,晴,多云,小雨,小雨,小雨,多云,晴,阴,小雨,小雨
1171,多云,晴,晴,晴,晴,小雨,晴,晴,晴,多云,多云,多云,多云,晴
1172,阴,多云,多云,晴,晴,多云,阴,小雨,小雨,多云,多云,小雨,阴,小雨
1173,阴,多云,晴,晴,晴,多云,小雨,小雨,小雨,多云,晴,小雨,小雨,小雨
1174,阴,晴,晴,晴,晴,多云,中雨,小雨,小雨,晴,晴,晴,多云,多云
1175,多云,多云,霾,霾,霾,小雨,阴,阴,阴,晴,晴,多云,霾,霾
1176,阴,多云,多云,晴,晴,多云,阵雨,阵雨,阵雨,多云,晴,阵雨,阴,小雨
1177,阴,多云,晴,晴,晴,多云,小雨,小雨,小雨,多云,晴,小雨,小雨,小雨
1178,阴,多云,多云,阴,多云,多云,阴,阵雨,小雨,多云,多云,阴,多云,多云
1179,阴,晴,晴,晴,晴,多云,中雨,阴,小到中雨,多云,晴,阴,小雨,阴
1180,阴,多云,晴,晴,晴,多云,小雨,小雨,小雨,多云,晴,小雨,小雨,小雨
1181,阴,多云,多云,晴,晴,多云,阵雨,阵雨,阵雨,多云,晴,阵雨,阴,小雨
1182,多云,多云,多云,多云,多云,晴,多云,多云,多云,小雨,多云,多云,多云,多云
1183,多云,晴,晴,晴,晴,多云,小雨,小雨,阴,小雨,晴,多云,小雨,阴
1184,阴,晴,晴,晴,晴,多云,中雨,小雨,小雨,晴,晴,晴,多云,多云
1185,阴,晴,晴,晴,晴,多云,中雨,小雨,小雨,晴,晴,晴,多云,多云
1186,阴,阴,多云,多云,多云,小雨,小雨,小雨,小雨,晴,阴,多云,多云,多云
1187,多云,晴,晴,晴,晴,多云,中雨,阴,阴,阴,多云,多云,阴,阴
1188,阴,晴,晴,晴,晴,多云,中雨,小雨,小雨,晴,晴,晴,多云,多云
1189,多云,多云,晴,晴,晴,阴,小雨,多云,多云,晴,晴,多云,多云,多云
1190,多云,晴,晴,多云,晴,多云,阵雨,阴,阴,阴,晴,多云,多云,阴
1191,多云,晴,晴,晴,晴,多云,中雨,阴,阴,多云,多云,多云,多云,多云
1192,多云,晴,霾,霾,晴,阴,晴,晴,霾,霾,多云,晴,霾,晴
1193,多云,晴,晴,晴,晴,多云,小雨,小雨,阴,小雨,晴,多云,小雨,阴
1194,多云,晴,晴,多云,晴,多云,阵雨,阴,阴,阴,晴,多云,多云,阴
1195,阴,多云,多云,晴,晴,多云,阴,小雨,小雨,多云,多云,小雨,阴,小雨
1196,晴,多云,多云,阵雨,霾,霾,中到大雪,晴,晴,小雨,多云,多云,多云,晴
1197,多云,晴,霾,霾,晴,阴,晴,晴,霾,霾,多云,晴,霾,晴
1198,多云,晴,晴,晴,晴,多云,小雨,小雨,阴,小雨,晴,多云,小雨,阴
1199,多云,晴,霾,霾,晴,阴,晴,晴,霾,霾,多云,晴,霾,晴
1200,阴,多云,多云,晴,晴,多云,阴,小雨,小雨,多云,多云,小雨,阴,小雨
1201,小雨,多云,晴,晴,晴,多云,小雨,小雨,小雨,多云,晴,阴,小雨,小雨
1202,多云,晴,晴,晴,晴,晴,晴,多云,多云,小雨,阴,多云,多云,多云
1203,多云,晴,晴,晴,晴,多云,小雨,小雨,阴,小雨,晴,多云,小雨,阴
1204,多云,晴,晴,晴,晴,多云,小雨,小雨,阴,小雨,晴,多云,小雨,阴
1205,阴,多云,多云,晴,晴,多云,阵雨,阵雨,阵雨,多云,晴,阵雨,阴,小雨
1206,多云,晴,霾,霾,晴,阴,晴,晴,霾,霾,多云,晴,霾,晴
1207,多云,晴,晴,霾,雾,多云,多云,晴,多云,阴,多云,晴,霾,晴
1208,阴,多云,多云,阴,多云,多云,阴,阵雨,小雨,多云,多云,阴,多云,多云
1209,多云,晴,晴,晴,晴,多云,小雨,小雨,阴,小雨,晴,多云,小雨,阴
1210,多云,多云,多云,晴,多云,多云,阴,小雨,小雨,小雨,多云,阵雨,多云,多云
1211,晴,晴,晴,晴,晴,晴,小到中雨,阴,阴,阴,多云,多云,多云,阴
1212,阴,阴,多云,多云,多云,小雨,中雨,小雨,小雨,多云,多云,多云,阴,阴
1213,多云,晴,霾,霾,晴,阴,晴,晴,霾,霾,多云,晴,霾,晴
1214,多云,晴,晴,晴,晴,多云,小雨,小雨,阴,小雨,晴,多云,小雨,阴
1215,晴,晴,晴,晴,晴,多云,小雨,多云,多云,阴,晴,晴,晴,雾
1216,阴,晴,晴,晴,晴,多云,中雨,小雨,小雨,晴,晴,晴,多云,多云
1217,多云,多云,霾,霾,霾,小雨,阴,阴,阴,晴,晴,多云,霾,霾
1218,多云,晴,霾,霾,晴,阴,晴,晴,霾,霾,多云,晴,霾,晴
1219,多云,多云,霾,霾,霾,小雨,阴,阴,阴,晴,晴,多云,霾,霾
1220,阴,晴,晴,晴,晴,多云,中雨,小雨,小雨,晴,晴,晴,多云,多云
1221,多云,晴,晴,晴,晴,多云,中雨,阴,阴,多云,多云,多云,多云,多云
1222,阴,阴,多云,多云,多云,小雨,小雨,小雨,小雨,晴,阴,多云,多云,多云
1223,多云,晴,晴,晴,晴,多云,小雨,小雨,阴,小雨,晴,多云,小雨,阴
1224,阴,阴,多云,多云,多云,小雨,中雨,小雨,小雨,多云,多云,多云,阴,阴
1225,多云,多云,多云,多云,多云,晴,多云,多云,多云,小雨,多云,多云,多云,多云
1226,阴,多云,晴,晴,晴,多云,小雨,小雨,小雨,多云,晴,小雨,小雨,小雨
1227,阴,多云,多云,晴,晴,多云,阴,小雨,小雨,多云,多云,小雨,阴,小雨
1228,晴,晴,晴,晴,晴,晴,小到中雨,阴,阴,阴,多云,多云,多云,阴
1229,多云,多云,多云,晴,晴,晴,多云,多云,阴,小雨,阴,阴,多云,多云
1230,晴,晴,晴,晴,晴,晴,小到中雨,阴,阴,阴,多云,多云,多云,阴
1231,阴,阴,多云,多云,多云,阴,小雨,阴,阴,多云,阴,阴,多云,阴
1232,多云,多云,多云,多云,多云,晴,多云,多云,多云,小雨,多云,多云,多云,多云
1233,阵雨,多云,晴,晴,晴,多云,小雨,小雨,小雨,多云,晴,多云,阵雨,阵雨
1234,多云,多云,晴,晴,晴,阴,小雨,多云,多云,晴,晴,多云,多云,多云
1235,晴,晴,晴,晴,晴,晴,小到中雨,阴,阴,阴,多云,多云,多云,阴
1236,小雨,多云,晴,晴,晴,多云,小雨,小雨,小雨,多云,晴,阴,小雨,小雨
1237,多云,晴,霾,霾,晴,阴,晴,晴,霾,霾,多云,晴,霾,晴
1238,阴,多云,多云,晴,晴,多云,阴,小雨,小雨,多云,多云,小雨,阴,小雨
1239,阴,多云,多云,晴,晴,多云,阴,小雨,小雨,多云,多云,小雨,阴,小雨
1240,阴,晴,晴,晴,晴,多云,中雨,小雨,小雨,晴,晴,晴,多云,多云
1241,多云,晴,晴,晴,晴,多云,小雨,小雨,阴,小雨,晴,多云,小雨,阴
1242,阴,多云,多云,晴,晴,多云,阵雨,阵雨,阵雨,多云,晴,阵雨,阴,小雨
1243,多云,多云,霾,霾,霾,小雨,阴,阴,阴,晴,晴,多云,霾,霾
1244,阴,晴,晴,晴,晴,多云,中雨,小雨,小雨,晴,晴,晴,多云,多云
1245,多云,晴,晴,晴,晴,多云,小雨,小雨,阴,小雨,晴,多云,小雨,阴
1246,阴,多云,晴,晴,晴,多云,小雨,小雨,小雨,多云,晴,小雨,小雨,小雨
1247,多云,晴,晴,多云,晴,多云,阵雨,阴,阴,阴,晴,多云,多云,阴
1248,阴,阴,多云,多云,多云,小雨,小雨,小雨,小雨,晴,阴,多云,多云,多云
1249,阴,多云,晴,晴,晴,多云,小雨,小雨,小雨,多云,晴,小雨,小雨,小雨
1250,多云,多云,多云,晴,晴,晴,多云,多云,阴,小雨,阴,阴,多云,多云
1251,阴,多云,晴,晴,晴,多云,小雨,小雨,小雨,多云,晴,小雨,小雨,小雨
1252,晴,晴,晴,晴,晴,晴,小到中雨,阴,阴,阴,多云,多云,多云,阴
1253,阴,阴,多云,多云,多云,小雨,中雨,小雨,小雨,多云,多云,多云,阴,阴
1254,阴,晴,晴,晴,多云,小雨,小雨,小雨,小雨,晴,晴,晴,多云,小雨
1255,多云,多云,晴,晴,晴,多云,小雨,小雨,小雨,阴,晴,多云,小雨,小雨
1256,多云,晴,霾,霾,晴,阴,晴,晴,霾,霾,多云,晴,霾,晴
1257,多云,多云,多云,多云,多云,多云,多云,阵雨,阴,阵雨,多云,多云,多云,多云
1258,阴,多云,晴,晴,晴,多云,小雨,小雨,小雨,多云,晴,小雨,小雨,小雨
1259,阴,晴,晴,晴,多云,小雨,小雨,小雨,小雨,晴,晴,晴,多云,小雨
1260,阴,晴,晴,晴,晴,多云,中雨,小雨,小雨,晴,晴,晴,多云,多云
1261,多云,晴,霾,霾,晴,阴,晴,晴,霾,霾,多云,晴,霾,晴
1262,晴,晴,晴,晴,晴,晴,小到中雨,阴,阴,阴,多云,多云,多云,阴
1263,多云,晴,晴,晴,晴,小雨,晴,晴,晴,多云,多云,多云,多云,晴
1264,多云,多云,多云,晴,晴,小雨,小雨,多云,多云,晴,晴,多云,多云,多云
1265,阴,晴,晴,晴,晴,多云,中雨,阴,小到中雨,多云,晴,阴,小雨,阴
1266,多云,晴,霾,霾,晴,阴,晴,晴,霾,霾,多云,晴,霾,晴
1267,多云,晴,晴,晴,晴,多云,小到中雨,阴,阴,阴,晴,多云,阴,阴
1268,晴,晴,晴,晴,晴,晴,小到中雨,阴,阴,阴,多云,多云,多云,阴
1269,多云,多云,多云,多云,多云,多云,多云,阵雨,阴,阵雨,多云,多云,多云,多云
1270,多云,晴,霾,霾,晴,阴,晴,晴,霾,霾,多云,晴,霾,晴
1271,阴,多云,晴,晴,晴,多云,小雨,小雨,小雨,多云,晴,小雨,小雨,小雨
1272,阴,阴,多云,多云,多云,小雨,小雨,小雨,小雨,晴,阴,多云,多云,多云
1273,晴,晴,晴,晴,晴,晴,小到中雨,阴,阴,阴,多云,多云,多云,阴
1274,多云,多云,多云,晴,晴,晴,多云,多云,阴,小雨,阴,阴,多云,多云
1275,多云,晴,晴,晴,晴,阴,小雨,多云,多云,晴,晴,晴,多云,多云
1276,多云,多云,多云,多云,多云,晴,多云,多云,多云,小雨,多云,多云,多云,多云
1277,晴,晴,晴,晴,晴,多云,小雨,多云,多云,阴,晴,晴,晴,雾
1278,多云,晴,晴,晴,晴,多云,中雨,阴,阴,阴,多云,多云,阴,阴
1279,晴,晴,晴,晴,晴,多云,小雨,多云,多云,阴,晴,晴,晴,雾
1280,小雨,多云,晴,晴,晴,多云,小雨,小雨,小雨,多云,晴,阴,小雨,小雨
1281,阴,阴,多云,多云,多云,小雨,中雨,小雨,小雨,多云,多云,多云,阴,阴
1282,阴,晴,晴,晴,晴,多云,中雨,小雨,小雨,晴,晴,晴,多云,多云
1283,多云,晴,晴,晴,晴,多云,阵雨,阴,阴,阴,晴,多云,阵雨,多云
1284,多云,晴,晴,晴,晴,多云,中雨,阴,阴,多云,多云,多云,多云,多云
1285,阴,多云,晴,晴,晴,多云,小雨,小雨,小雨,多云,晴,小雨,小雨,小雨
1286,多云,晴,霾,霾,晴,阴,晴,晴,霾,霾,多云,晴,霾,晴
1287,阴,晴,晴,晴,晴,多云,中雨,小雨,小雨,晴,晴,晴,多云,多云
1288,阴,多云,晴,晴,晴,多云,小雨,小雨,小雨,多云,晴,小雨,小雨,小雨
1289,多云,晴,晴,晴,晴,多云,小雨,小雨,阴,小雨,晴,多云,小雨,阴
1290,多云,多云,晴,晴,晴,阴,小雨,多云,多云,晴,晴,多云,多云,多云
1291,多云,多云,多云,晴,晴,晴,多云,多云,阴,小雨,阴,阴,多云,多云
1292,多云,多云,多云,晴,晴,晴,多云,多云,阴,小雨,阴,阴,多云,多云
1293,阴,多云,晴,晴,晴,多云,小雨,小雨,小雨,多云,晴,小雨,小雨,小雨
1294,多云,多云,多云,多云,多云,晴,多云,多云,多云,小雨,多云,多云,多云,多云
1295,阴,阴,多云,多云,阴,阴,小雨,小雨,小雨,多云,多云,阴,阴,阴
1296,多云,晴,晴,晴,晴,多云,小雨,小雨,阴,小雨,晴,多云,小雨,阴
1297,多云,晴,霾,霾,晴,阴,晴,晴,霾,霾,多云,晴,霾,晴
1298,多云,晴,晴,多云,晴,多云,阵雨,阴,阴,阴,晴,多云,多云,阴
1299,阴,阴,多云,多云,多云,小雨,中雨,小雨,小雨,多云,多云,多云,阴,阴
1300,阴,多云,晴,晴,晴,多云,小雨,小雨,小雨,多云,晴,小雨,小雨,小雨
1301,晴,晴,晴,晴,晴,晴,小雨,多云,晴,晴,多云,多云,多云,晴
1302,多云,晴,霾,霾,晴,阴,晴,晴,霾,霾,多云,晴,霾,晴
1303,多云,晴,晴,晴,晴,多云,小雨,小雨,阴,小雨,晴,多云,小雨,阴
1304,阴,晴,晴,晴,晴,多云,中雨,小雨,小雨,晴,晴,晴,多云,多云
1305,阴,多云,晴,晴,晴,晴,小雨,小雨,小雨,阴,晴,小雨,小雨,小雨
1306,多云,晴,霾,霾,晴,阴,晴,晴,霾,霾,多云,晴,霾,晴
1307,阴,多云,多云,晴,晴,多云,阴,小雨,小雨,多云,多云,小雨,阴,小雨
1308,阴,多云,晴,晴,晴,多云,小雨,小雨,小雨,多云,晴,小雨,小雨,小雨
1309,多云,晴,晴,晴,晴,多云,小雨,小雨,阴,小雨,晴,多云,小雨,阴
1310,多云,多云,多云,多云,多云,晴,多云,多云,多云,小雨,多云,多云,多云,多云
1311,多云,多云,多云,晴,晴,晴,多云,多云,阴,小雨,阴,阴,多云,多云
1312,多云,多云,多云,阴,晴,多云,多云,小雨,阴,阴,多云,多云,多云,多云
1313,阴,多云,多云,晴,晴,阴,阴,小雨,小雨,晴,晴,多云,多云,多云
1314,多云,多云,多云,多云,多云,晴,多云,多云,多云,小雨,多云,多云,多云,多云
1315,多云,晴,霾,霾,晴,阴,晴,晴,霾,霾,多云,晴,霾,晴
1316,多云,晴,晴,晴,晴,多云,小雨,小雨,阴,小雨,晴,多云,小雨,阴
1317,多云,晴,晴,晴,晴,多云,小雨,小雨,阴,小雨,晴,多云,小雨,阴
1318,阴,多云,晴,晴,晴,多云,小雨,小雨,小雨,多云,晴,小雨,小雨,小雨
1319,多云,多云,多云,多云,多云,晴,多云,多云,多云,小雨,多云,多云,多云,多云
1320,多云,晴,晴,晴,晴,多云,小雨,小雨,阴,小雨,晴,多云,小雨,阴
1321,多云,晴,晴,晴,晴,多云,小雨,小雨,阴,小雨,晴,多云,小雨,阴
1322,阴,多云,晴,晴,晴,多云,小雨,小雨,小雨,多云,晴,小雨,小雨,小雨
1323,阴,阴,多云,多云,多云,小雨,小雨,小雨,小雨,晴,阴,多云,多云,多云
1324,晴,晴,晴,晴,晴,晴,小到中雨,阴,阴,阴,多云,多云,多云,阴
1325,阴,晴,晴,晴,晴,多云,中雨,小雨,小雨,晴,晴,晴,多云,多云
1326,阴,多云,晴,晴,晴,晴,小雨,小雨,小雨,阴,晴,小雨,小雨,小雨
1327,阴,多云,晴,晴,晴,多云,小雨,小雨,小雨,多云,晴,小雨,小雨,小雨
1328,多云,晴,霾,霾,晴,阴,晴,晴,霾,霾,多云,晴,霾,晴
1329,晴,晴,晴,晴,晴,晴,小到中雨,阴,阴,阴,多云,多云,多云,阴
1330,多云,多云,多云,晴,晴,晴,晴,多云,阴,小雨,小雨,阴,多云,多云
1331,多云,晴,晴,晴,晴,多云,小雨,小雨,阴,小雨,晴,多云,小雨,阴
1332,阴,多云,晴,晴,晴,多云,小雨,小雨,小雨,多云,晴,小雨,小雨,小雨
1333,多云,多云,多云,晴,晴,晴,多云,多云,阴,小雨,阴,阴,多云,多云
1334,阴,多云,晴,晴,晴,多云,小雨,小雨,小雨,多云,晴,小雨,小雨,小雨
1335,多云,晴,晴,多云,晴,多云,阵雨,阴,阴,阴,晴,多云,多云,阴
1336,阴,多云,晴,晴,晴,晴,小雨,小雨,小雨,阴,晴,小雨,小雨,小雨
1337,晴,晴,晴,晴,晴,晴,小到中雨,阴,阴,阴,多云,多云,多云,阴
1338,多云,晴,晴,晴,晴,多云,小雨,小雨,阴,小雨,晴,多云,小雨,阴
1339,阴,阴,多云,多云,多云,小雨,中雨,小雨,小雨,多云,多云,多云,阴,阴
1340,多云,晴,霾,霾,晴,阴,晴,晴,霾,霾,多云,晴,霾,晴
1341,多云,多云,多云,晴,晴,晴,多云,多云,阴,小雨,阴,阴,多云,多云
1342,小雨,多云,晴,晴,晴,多云,小雨,小雨,小雨,多云,晴,阴,小雨,小雨
1343,阴,多云,晴,晴,晴,多云,小雨,小雨,小雨,多云,晴,小雨,小雨,小雨
1344,多云,晴,霾,霾,晴,阴,晴,晴,霾,霾,多云,晴,霾,晴
1345,阴,多云,晴,晴,晴,多云,小雨,小雨,小雨,多云,晴,小雨,小雨,小雨
1346,阴,多云,晴,晴,晴,多云,小雨,小雨,小雨,多云,晴,小雨,小雨,小雨
1347,多云,多云,多云,多云,多云,晴,多云,多云,多云,小雨,多云,多云,多云,多云
1348,多云,晴,晴,晴,晴,多云,小雨,小雨,阴,小雨,晴,多云,小雨,阴
1349,阴,多云,晴,晴,晴,多云,小雨,小雨,小雨,多云,晴,小雨,小雨,小雨
1350,阴,多云,晴,晴,晴,多云,小雨,小雨,小雨,多云,晴,小雨,小雨,小雨
1351,小雨,多云,晴,晴,晴,多云,小雨,小雨,小雨,多云,晴,阴,小雨,小雨
1352,多云,多云,多云,多云,多云,晴,多云,多云,多云,小雨,多云,多云,多云,多云
1353,多云,多云,多云,多云,多云,晴,多云,多云,多云,小雨,多云,多云,多云,多云
1354,阴,多云,晴,晴,晴,多云,小雨,小雨,小雨,多云,晴,小雨,小雨,小雨
1355,晴,晴,晴,晴,晴,晴,小到中雨,阴,阴,阴,多云,多云,多云,阴
1356,阴,多云,晴,晴,晴,晴,小雨,小雨,阴,阴,晴,多云,阴,小雨
1357,阴,阴,多云,多云,阴,阴,小雨,小雨,小雨,多云,多云,阴,阴,阴
1358,多云,晴,晴,晴,晴,多云,小雨,小雨,阴,小雨,晴,多云,小雨,阴
1359,晴,晴,晴,晴,晴,多云,小雨,多云,多云,阴,晴,晴,晴,雾
1360,阴,阴,多云,多云,多云,小雨,中雨,小雨,小雨,多云,多云,多云,阴,阴
1361,多云,晴,晴,晴,晴,多云,小雨,小雨,阴,小雨,晴,多云,小雨,阴
1362,多云,晴,晴,晴,晴,小雨,小雨,晴,多云,多云,晴,晴,晴,多云
1363,阴,多云,晴,晴,晴,多云,小雨,小雨,小雨,多云,晴,小雨,小雨,小雨
1364,阴,多云,晴,晴,晴,多云,小雨,小雨,小雨,多云,晴,小雨,小雨,小雨
1365,晴,晴,晴,晴,晴,晴,小到中雨,阴,阴,阴,多云,多云,多云,阴
1366,多云,晴,晴,晴,晴,多云,小雨,小雨,阴,小雨,晴,多云,小雨,阴
1367,阴,多云,晴,晴,晴,多云,小雨,小雨,小雨,多云,晴,小雨,小雨,小雨
1368,多云,多云,多云,晴,晴,晴,多云,多云,阴,小雨,阴,阴,多云,多云
1369,阴,多云,晴,晴,晴,多云,小雨,小雨,小雨,多云,晴,小雨,小雨,小雨
1370,晴,多云,晴,晴,晴,多云,小雨,晴,晴,晴,晴,晴,霾,霾
1371,多云,晴,霾,霾,晴,阴,晴,晴,霾,霾,多云,晴,霾,晴
1372,多云,多云,多云,多云,多云,晴,多云,多云,多云,小雨,多云,多云,多云,多云
1373,多云,多云,多云,多云,多云,晴,多云,多云,多云,小雨,多云,多云,多云,多云
1374,多云,晴,晴,霾,雾,多云,多云,晴,多云,阴,多云,晴,霾,晴
1375,阴,晴,晴,晴,晴,多云,中雨,小雨,小雨,晴,晴,晴,多云,多云
1376,阴,晴,晴,晴,晴,多云,中雨,小雨,小雨,晴,晴,晴,多云,多云
1377,多云,晴,晴,晴,晴,晴,小雨,多云,晴,阴,晴,晴,多云,多云
1378,多云,多云,多云,晴,晴,晴,多云,多云,阴,小雨,阴,阴,多云,多云
1379,多云,晴,晴,晴,晴,多云,小雨,小雨,阴,小雨,晴,多云,小雨,阴
1380,晴,晴,晴,晴,晴,多云,小雨,多云,多云,阴,晴,晴,晴,雾
1381,晴,晴,晴,晴,晴,多云,小雨,多云,多云,阴,晴,晴,晴,雾
1382,晴,晴,晴,晴,晴,多云,小雨,多云,多云,阴,晴,晴,晴,雾
1383,阴,多云,晴,晴,晴,多云,小雨,小雨,小雨,多云,晴,小雨,小雨,小雨
1384,阴,晴,晴,晴,晴,多云,中雨,小雨,小雨,晴,晴,晴,多云,多云
1385,多云,晴,晴,晴,晴,多云,小雨,小雨,阴,小雨,晴,多云,小雨,阴
1386,小雨,多云,晴,晴,晴,多云,小雨,小雨,小雨,多云,晴,阴,小雨,小雨
1387,多云,晴,晴,晴,晴,多云,小雨,小雨,阴,小雨,晴,多云,小雨,阴
1388,多云,晴,晴,晴,晴,多云,多云,多云,阴,小雨,阴,多云,多云,多云
1389,晴,多云,晴,晴,晴,晴,雨夹雪,晴,晴,小雨,晴,晴,晴,晴
1390,多云,晴,晴,霾,雾,多云,多云,晴,多云,阴,多云,晴,霾,晴
1391,阴,晴,晴,晴,晴,多云,中雨,小雨,小雨,晴,晴,晴,多云,多云
1392,阴,多云,晴,晴,晴,多云,小雨,小雨,小雨,多云,晴,小雨,小雨,小雨
1393,多云,晴,雾,晴,晴,阴,多云,晴,多云,晴,晴,晴,霾,雾
1394,多云,晴,晴,晴,晴,多云,小雨,小雨,阴,小雨,晴,多云,小雨,阴
1395,多云,晴,晴,多云,晴,多云,阵雨,阴,阴,阴,晴,多云,多云,阴
1396,多云,多云,多云,多云,多云,晴,多云,多云,多云,小雨,多云,多云,多云,多云
1397,多云,晴,晴,晴,晴,多云,多云,多云,阴,阵雨,阵雨,多云,多云,多云
1398,多云,晴,晴,晴,晴,多云,小雨,小雨,阴,小雨,晴,多云,小雨,阴
1399,多云,晴,霾,霾,晴,阴,晴,晴,霾,霾,多云,晴,霾,晴
1400,小雨,多云,晴,晴,晴,多云,小雨,小雨,小雨,多云,晴,阴,小雨,小雨
1401,多云,多云,多云,晴,晴,晴,多云,多云,阴,小雨,阴,阴,多云,多云
1402,阴,多云,晴,晴,晴,多云,小雨,小雨,小雨,多云,晴,小雨,小雨,小雨
1403,多云,多云,多云,多云,多云,晴,多云,多云,多云,小雨,多云,多云,多云,多云
1404,多云,晴,晴,晴,晴,多云,小雨,小雨,阴,小雨,晴,多云,小雨,阴
1405,晴,晴,晴,晴,晴,晴,小到中雨,阴,阴,阴,多云,多云,多云,阴
1406,晴,晴,晴,晴,晴,多云,小雨,多云,多云,阴,晴,晴,晴,雾
1407,阴,多云,晴,晴,晴,多云,小雨,小雨,小雨,多云,晴,小雨,小雨,小雨
1408,多云,晴,晴,晴,晴,多云,中雨,阴,阴,多云,多云,多云,多云,多云
1409,多云,晴,晴,晴,晴,多云,小雨,小雨,阴,小雨,晴,多云,小雨,阴
1410,阴,多云,晴,晴,晴,晴,小雨,小雨,小雨,阴,晴,小雨,小雨,小雨
1411,多云,晴,晴,晴,晴,多云,小雨,小雨,阴,小雨,晴,多云,小雨,阴
1412,多云,晴,晴,晴,晴,多云,阵雨,阴,阴,多云,多云,多云,阴,多云
1413,阴,多云,晴,晴,晴,多云,小雨,小雨,小雨,多云,晴,小雨,小雨,小雨
1414,多云,晴,霾,霾,晴,阴,晴,晴,霾,霾,多云,晴,霾,晴
1415,多云,晴,晴,晴,晴,多云,小雨,小雨,阴,小雨,晴,多云,小雨,阴
1416,阴,多云,多云,晴,晴,多云,阵雨,阵雨,阵雨,多云,晴,阵雨,阴,小雨
1417,晴,多云,晴,晴,晴,晴,雨夹雪,晴,晴,小雨,晴,晴,晴,晴
1418,多云,多云,晴,晴,晴,阴,小雨,多云,多云,晴,晴,多云,多云,多云
1419,阴,多云,晴,晴,晴,多云,小雨,小雨,小雨,多云,晴,小雨,小雨,小雨
1420,阴,多云,晴,晴,晴,多云,小雨,小雨,小雨,多云,晴,小雨,小雨,小雨
1421,多云,晴,晴,晴,晴,多云,小雨,小雨,阴,小雨,晴,多云,小雨,阴
1422,阴,晴,晴,晴,晴,多云,中雨,小雨,小雨,晴,晴,晴,多云,多云
1423,阴,多云,多云,阴,多云,多云,阴,阵雨,小雨,多云,多云,阴,多云,多云
1424,多云,晴,晴,晴,晴,多云,小雨,小雨,阴,小雨,晴,多云,小雨,阴
1425,阴,多云,多云,晴,晴,多云,阴,小雨,小雨,多云,多云,小雨,阴,小雨
1426,阴,多云,晴,晴,晴,多云,小雨,小雨,小雨,多云,晴,小雨,小雨,小雨
1427,阴,多云,晴,晴,晴,晴,小雨,小雨,小雨,阴,晴,小雨,小雨,小雨
1428,多云,晴,晴,霾,雾,多云,多云,晴,多云,阴,多云,晴,霾,晴
1429,阴,多云,晴,晴,晴,多云,小雨,小雨,小雨,多云,晴,小雨,小雨,小雨
1430,多云,晴,霾,霾,晴,阴,晴,晴,霾,霾,多云,晴,霾,晴
1431,多云,晴,霾,霾,晴,阴,晴,晴,霾,霾,多云,晴,霾,晴
1432,晴,晴,晴,晴,晴,晴,小到中雨,阴,阴,阴,多云,多云,多云,阴
1433,多云,多云,多云,多云,多云,晴,多云,多云,多云,小雨,多云,多云,多云,多云
1434,阴,多云,晴,晴,晴,多云,小雨,小雨,小雨,多云,晴,小雨,小雨,小雨
1435,多云,晴,霾,霾,晴,阴,晴,晴,霾,霾,多云,晴,霾,晴
1436,多云,多云,霾,霾,霾,小雨,阴,阴,阴,晴,晴,多云,霾,霾
1437,多云,多云,多云,晴,晴,晴,多云,多云,阴,小雨,阴,阴,多云,多云
1438,多云,晴,雾,晴,晴,阴,多云,晴,多云,晴,晴,晴,霾,雾
1439,晴,晴,晴,晴,晴,晴,小到中雨,阴,阴,阴,多云,多云,多云,阴
1440,多云,晴,晴,晴,多云,晴,小雨,阴,阴,多云,多云,多云,多云,小雨
1441,晴,晴,晴,晴,晴,晴,小到中雨,阴,阴,阴,多云,多云,多云,阴
1442,多云,晴,晴,晴,晴,多云,小雨,小雨,阴,小雨,晴,多云,小雨,阴
1443,多云,多云,多云,晴,多云,多云,阴,小雨,小雨,小雨,多云,阵雨,多云,多云
1444,多云,晴,霾,霾,晴,阴,晴,晴,霾,霾,多云,晴,霾,晴
1445,阴,多云,晴,晴,晴,多云,小雨,小雨,小雨,多云,晴,小雨,小雨,小雨
1446,阴,多云,晴,晴,晴,多云,小雨,小雨,小雨,多云,晴,小雨,小雨,小雨
1447,多云,晴,霾,霾,晴,阴,晴,晴,霾,霾,多云,晴,霾,晴
1448,多云,多云,多云,晴,晴,晴,晴,多云,阴,小雨,小雨,阴,多云,多云
1449,多云,晴,晴,霾,雾,多云,多云,晴,多云,阴,多云,晴,霾,晴
1450,多云,晴,霾,霾,晴,阴,晴,晴,霾,霾,多云,晴,霾,晴
1451,多云,晴,晴,多云,晴,多云,阵雨,阴,阴,阴,晴,多云,多云,阴
1452,多云,多云,多云,多云,多云,晴,多云,多云,多云,小雨,多云,多云,多云,多云
1453,晴,晴,晴,晴,晴,多云,小雨,多云,阴,多云,晴,多云,多云,多云
1454,晴,多云,晴,晴,晴,晴,雨夹雪,晴,晴,小雨,晴,晴,晴,晴
1455,晴,多云,晴,晴,多云,晴,晴,阴,阴,小雨,阴,多云,多云,多云
1456,小雨,多云,晴,晴,晴,多云,小雨,小雨,小雨,多云,晴,阴,小雨,小雨
1457,多云,晴,晴,晴,晴,多云,小雨,小雨,阴,小雨,晴,多云,小雨,阴
1458,多云,晴,晴,晴,晴,多云,小雨,小雨,阴,小雨,晴,多云,小雨,阴
1459,多云,晴,晴,晴,晴,晴,多云,多云,阴,小雨,多云,多云,晴,晴
1460,阴,多云,晴,晴,晴,多云,小雨,小雨,小雨,多云,晴,小雨,小雨,小雨
1461,阴,多云,晴,晴,晴,多云,小雨,小雨,小雨,多云,晴,小雨,小雨,小雨
1462,晴,多云,晴,晴,晴,多云,小雨,晴,晴,晴,晴,晴,霾,霾
1463,阴,多云,晴,晴,晴,多云,小雨,小雨,小雨,多云,晴,小雨,小雨,小雨
1464,晴,晴,晴,晴,晴,晴,小到中雨,阴,阴,阴,多云,多云,多云,阴
1465,多云,晴,晴,晴,晴,多云,小雨,小雨,阴,小雨,晴,多云,小雨,阴
1466,阴,多云,多云,阴,多云,多云,阴,阵雨,小雨,多云,多云,阴,多云,多云
1467,阴,晴,晴,晴,晴,多云,中雨,小雨,小雨,晴,晴,晴,多云,多云
1468,多云,晴,晴,多云,晴,多云,阵雨,阴,阴,阴,晴,多云,多云,阴
1469,阴,多云,晴,晴,晴,多云,小雨,小雨,小雨,多云,晴,小雨,小雨,小雨
1470,晴,多云,晴,晴,晴,晴,雨夹雪,晴,晴,小雨,晴,晴,晴,晴
1471,阴,多云,晴,晴,晴,晴,小雨,小雨,小雨,阴,晴,小雨,小雨,小雨
1472,阴,多云,晴,晴,晴,多云,小雨,小雨,小雨,多云,晴,小雨,小雨,小雨
1473,多云,多云,多云,多云,多云,多云,多云,阵雨,阴,阵雨,多云,多云,多云,多云
1474,多云,晴,晴,晴,晴,多云,小雨,小雨,阴,小雨,晴,多云,小雨,阴
1475,晴,晴,晴,晴,晴,晴,小雨,多云,晴,晴,多云,多云,多云,晴
1476,晴,多云,晴,晴,晴,多云,小雨,晴,晴,晴,晴,晴,霾,霾
1477,多云,多云,多云,晴,晴,晴,多云,多云,阴,小雨,阴,阴,多云,多云
1478,阴,多云,多云,晴,晴,多云,阵雨,阵雨,阵雨,多云,晴,阵雨,阴,小雨
1479,阴,晴,晴,晴,晴,多云,中雨,阴,小到中雨,多云,晴,阴,小雨,阴
1480,多云,晴,晴,晴,晴,多云,中雨,阴,阴,多云,多云,多云,多云,多云
1481,阴,多云,晴,晴,晴,多云,小雨,小雨,小雨,多云,晴,小雨,小雨,小雨
1482,晴,晴,晴,霾,晴,晴,小到中雪,霾,霾,小雨,晴,晴,多云,晴
1483,多云,多云,多云,多云,多云,多云,多云,阵雨,阴,阵雨,多云,多云,多云,多云
1484,阴,晴,晴,晴,晴,多云,中雨,阴,小到中雨,多云,晴,阴,小雨,阴
1485,多云,晴,晴,晴,晴,多云,小雨,小雨,阴,小雨,晴,多云,小雨,阴
1486,多云,多云,多云,晴,晴,晴,多云,多云,阴,小雨,阴,阴,多云,多云
1487,阴,阴,多云,多云,阴,阴,小雨,小雨,小雨,多云,多云,阴,阴,阴
1488,晴,晴,晴,晴,晴,晴,小到中雨,阴,阴,阴,多云,多云,多云,阴
1489,多云,晴,晴,晴,晴,多云,小雨,小雨,阴,小雨,晴,多云,小雨,阴
1490,阴,晴,晴,晴,晴,多云,中雨,小雨,小雨,晴,晴,晴,多云,小雨
1491,阴,阴,多云,多云,多云,小雨,小雨,小雨,小雨,晴,阴,多云,多云,多云
1492,多云,多云,多云,多云,多云,晴,多云,多云,多云,小雨,多云,多云,多云,多云
1493,多云,晴,晴,晴,晴,多云,小雨,小雨,阴,小雨,晴,多云,小雨,阴
1494,小雨,多云,晴,晴,晴,多云,小雨,小雨,小雨,多云,晴,阴,小雨,小雨
1495,阴,晴,晴,晴,晴,多云,中雨,小雨,小雨,晴,晴,晴,多云,多云
1496,晴,晴,晴,晴,晴,晴,小到中雨,阴,阴,阴,多云,多云,多云,阴
1497,阴,多云,多云,晴,晴,多云,阵雨,阵雨,阵雨,多云,晴,阵雨,阴,小雨
1498,阴,阴,多云,多云,多云,小雨,小雨,小雨,小雨,晴,阴,多云,多云,多云
1499,多云,晴,晴,晴,晴,多云,小雨,小雨,阴,小雨,晴,多云,小雨,阴
1500,晴,晴,晴,晴,晴,晴,小到中雨,阴,阴,阴,多云,多云,多云,阴
1501,多云,晴,晴,晴,晴,多云,小雨,小雨,阴,小雨,晴,多云,小雨,阴
1502,多云,多云,多云,晴,晴,晴,多云,多云,阴,小雨,阴,阴,多云,多云
1503,晴,多云,晴,晴,多云,晴,晴,阴,阴,小雨,阴,多云,多云,多云
1504,多云,晴,晴,晴,晴,多云,小到中雨,阴,阴,阴,晴,多云,阴,阴
1505,晴,晴,晴,晴,晴,晴,小到中雨,阴,阴,阴,多云,多云,多云,阴
1506,晴,晴,晴,晴,晴,小雨,小雨,多云,多云,多云,多云,阴,阴,多云
1507,阴,多云,多云,晴,晴,多云,阴,小雨,小雨,多云,多云,小雨,阴,小雨
1508,多云,晴,晴,晴,晴,多云,小雨,小雨,阴,小雨,晴,多云,小雨,阴
1509,阴,阴,多云,多云,阴,阴,小雨,小雨,小雨,多云,多云,阴,阴,阴
1510,多云,晴,晴,晴,晴,多云,小雨,小雨,阴,小雨,晴,多云,小雨,阴
1511,晴,晴,晴,晴,晴,晴,小到中雨,阴,阴,阴,多云,多云,多云,阴
1512,多云,多云,多云,晴,晴,晴,多云,多云,阴,小雨,阴,阴,多云,多云
1513,阴,晴,晴,晴,晴,多云,中雨,小雨,小雨,晴,晴,晴,多云,多云
1514,阴,多云,多云,晴,晴,多云,阴,小雨,小雨,多云,多云,小雨,阴,小雨
1515,多云,晴,霾,霾,晴,阴,晴,晴,霾,霾,多云,晴,霾,晴
1516,阴,多云,多云,晴,晴,多云,阴,小雨,小雨,多云,多云,小雨,阴,小雨
1517,多云,晴,霾,霾,晴,阴,晴,晴,霾,霾,多云,晴,霾,晴
1518,小雨,阵雨,小雨,多云,多云,多云,多云,中雨,中雨,小到中雨,小雨,小雨,晴,晴
1519,阴,多云,晴,晴,晴,多云,小雨,小雨,小雨,多云,晴,小雨,小雨,小雨
1520,晴,晴,晴,晴,晴,晴,小到中雨,阴,阴,阴,多云,多云,多云,阴
1521,阴,多云,晴,晴,晴,多云,小雨,小雨,小雨,多云,晴,小雨,小雨,小雨
1522,多云,晴,霾,霾,晴,阴,晴,晴,霾,霾,多云,晴,霾,晴
1523,多云,晴,晴,晴,晴,晴,晴,多云,多云,小雨,阴,多云,多云,多云
1524,阴,晴,晴,晴,晴,多云,中雨,小雨,小雨,晴,晴,晴,多云,多云
1525,多云,多云,多云,晴,多云,多云,阴,小雨,小雨,小雨,多云,阵雨,多云,多云
1526,晴,晴,晴,晴,晴,晴,小到中雨,阴,阴,阴,多云,多云,多云,阴
1527,多云,多云,多云,多云,多云,晴,多云,多云,多云,小雨,多云,多云,多云,多云
1528,阴,多云,晴,晴,晴,多云,小雨,小雨,小雨,多云,晴,小雨,小雨,小雨
1529,多云,晴,晴,晴,晴,晴,多云,多云,阴,小雨,多云,多云,晴,晴
1530,多云,晴,晴,晴,晴,多云,多云,多云,阴,阵雨,阵雨,多云,多云,多云
1531,多云,晴,晴,晴,晴,多云,小雨,小雨,阴,小雨,晴,多云,小雨,阴
1532,多云,多云,多云,多云,多云,晴,多云,多云,多云,小雨,多云,多云,多云,多云
1533,多云,晴,霾,霾,晴,阴,晴,晴,霾,霾,多云,晴,霾,晴
1534,阴,多云,多云,晴,晴,多云,阴,小雨,小雨,多云,多云,小雨,阴,小雨
1535,阴,多云,多云,晴,晴,多云,阴,小雨,小雨,多云,多云,小雨,阴,小雨
1536,阴,阴,多云,多云,多云,小雨,中雨,小雨,小雨,多云,多云,多云,阴,阴
1537,多云,晴,晴,晴,晴,多云,中雨,阴,阴,晴,多云,多云,晴,多云
1538,多云,晴,晴,晴,晴,晴,晴,多云,多云,小雨,阴,多云,多云,多云
1539,小雨,多云,晴,晴,晴,多云,小雨,小雨,小雨,多云,晴,阴,小雨,小雨
1540,晴,晴,晴,晴,晴,晴,中雨,阴,阴,阴,晴,多云,多云,多云
1541,阵雨,多云,晴,晴,晴,多云,小雨,小雨,小雨,多云,晴,多云,阵雨,阵雨
1542,多云,多云,多云,多云,多云,多云,多云,阵雨,阴,阵雨,多云,多云,多云,多云
1543,阵雨,多云,晴,晴,晴,多云,小雨,小雨,小雨,多云,晴,多云,阵雨,阵雨
1544,多云,晴,霾,霾,晴,阴,晴,晴,霾,霾,多云,晴,霾,晴
1545,阴,晴,晴,晴,晴,多云,中雨,小雨,小雨,晴,晴,晴,多云,多云
1546,多云,晴,霾,霾,晴,阴,晴,晴,霾,霾,多云,晴,霾,晴
1547,晴,晴,晴,晴,晴,晴,小到中雨,阴,阴,阴,多云,多云,多云,阴
1548,晴,晴,晴,霾,晴,晴,小到中雪,霾,霾,小雨,晴,晴,多云,晴
1549,阴,多云,晴,晴,晴,多云,小雨,小雨,小雨,多云,晴,小雨,小雨,小雨
1550,多云,晴,晴,晴,晴,多云,小雨,小雨,阴,小雨,晴,多云,小雨,阴
1551,多云,晴,晴,晴,晴,多云,小雨,小雨,阴,小雨,晴,多云,小雨,阴
1552,阴,多云,多云,阴,多云,多云,阴,阵雨,小雨,多云,多云,阴,多云,多云
1553,多云,多云,多云,晴,多云,多云,阴,小雨,小雨,小雨,多云,阵雨,多云,多云
1554,阴,多云,晴,晴,晴,多云,小雨,小雨,小雨,多云,晴,小雨,小雨,小雨
1555,晴,晴,晴,晴,晴,晴,小到中雨,阴,阴,阴,多云,多云,多云,阴
1556,多云,阴,晴,多云,多云,晴,多云,阵雨,阴,阵雨,多云,多云,晴,多云
1557,阴,多云,晴,晴,晴,晴,小雨,小雨,阴,阴,晴,多云,阴,小雨
1558,阴,多云,晴,晴,晴,多云,小雨,小雨,小雨,多云,晴,小雨,小雨,小雨
1559,阴,晴,晴,晴,晴,多云,中雨,小雨,小雨,晴,晴,晴,多云,多云
1560,小雨,多云,晴,晴,晴,晴,多云,中雨,阴,阴,多云,阵雨,小雨,小雨
1561,多云,晴,晴,晴,晴,多云,小雨,小雨,阴,小雨,晴,多云,小雨,阴
1562,多云,晴,晴,多云,晴,多云,阵雨,阴,阴,阴,晴,多云,多云,阴
1563,多云,晴,晴,多云,晴,多云,阵雨,阴,阴,阴,晴,多云,多云,阴
1564,小雨,多云,晴,晴,晴,多云,小雨,小雨,小雨,多云,晴,阴,小雨,小雨
1565,阴,多云,晴,晴,晴,多云,小雨,小雨,小雨,多云,晴,小雨,小雨,小雨
1566,多云,晴,霾,霾,晴,阴,晴,晴,霾,霾,多云,晴,霾,晴
1567,多云,晴,晴,晴,晴,多云,小雨,小雨,阴,小雨,晴,多云,小雨,阴
1568,阴,晴,晴,晴,晴,多云,中雨,小雨,小雨,晴,晴,晴,多云,多云
1569,多云,晴,晴,晴,晴,晴,多云,多云,阴,小雨,多云,多云,晴,晴
1570,阴,多云,晴,晴,晴,多云,小雨,小雨,小雨,多云,晴,小雨,小雨,小雨
1571,阴,多云,多云,晴,晴,多云,阴,小雨,小雨,多云,多云,小雨,阴,小雨
1572,阴,晴,晴,晴,晴,多云,中雨,小雨,小雨,晴,晴,晴,多云,多云
1573,阴,多云,多云,晴,晴,多云,阵雨,阵雨,阵雨,多云,晴,阵雨,阴,小雨
1574,阴,阴,多云,多云,多云,小雨,中雨,小雨,小雨,多云,多云,多云,阴,阴
1575,阴,阴,多云,晴,晴,多云,多云,阵雨,小雨,多云,晴,小雨,多云,小雨
1576,晴,多云,晴,晴,多云,晴,晴,阴,阴,小雨,阴,多云,多云,多云
1577,晴,晴,晴,霾,晴,晴,小到中雪,霾,霾,小雨,晴,晴,多云,晴
1578,多云,多云,晴,晴,晴,阴,小雨,多云,多云,晴,晴,多云,多云,多云
1579,晴,晴,晴,晴,晴,晴,小到中雨,阴,阴,阴,多云,多云,多云,阴
1580,多云,晴,晴,多云,晴,多云,阵雨,阴,阴,阴,晴,多云,多云,阴
1581,阴,阴,多云,多云,阴,阴,小雨,小雨,小雨,多云,多云,阴,阴,阴
1582,多云,晴,晴,多云,晴,多云,阵雨,阴,阴,阴,晴,多云,多云,阴
1583,多云,晴,晴,晴,晴,多云,小雨,小雨,阴,小雨,晴,多云,小雨,阴
1584,多云,晴,晴,晴,晴,多云,小雨,小雨,阴,小雨,晴,多云,小雨,阴
1585,多云,晴,霾,霾,晴,阴,晴,晴,霾,霾,多云,晴,霾,晴
1586,多云,多云,晴,小雨,小雨,晴,晴,多云,多云,多云,多云,多云,多云,晴
1587,阵雨,多云,多云,多云,多云,多云,阴,阵雨,阴,多云,多云,阴,多云,多云
1588,晴,多云,晴,晴,多云,晴,晴,阴,阴,小雨,阴,多云,多云,多云
1589,多云,晴,晴,晴,晴,多云,小雨,小雨,阴,小雨,晴,多云,小雨,阴
1590,阴,多云,晴,晴,晴,多云,小雨,小雨,小雨,多云,晴,小雨,小雨,小雨
1591,阴,阴,多云,多云,多云,小雨,小雨,小雨,小雨,晴,阴,多云,多云,多云
1592,多云,多云,晴,晴,晴,阴,小雨,多云,多云,晴,晴,多云,多云,多云
1593,阴,多云,多云,多云,阴,小雨,小雨,小雨,阴,阴,阴,晴,晴,多云
1594,多云,晴,晴,晴,晴,多云,小雨,小雨,阴,小雨,晴,多云,小雨,阴
1595,阴,多云,多云,阴,多云,多云,阴,阵雨,小雨,多云,多云,阴,多云,多云
1596,晴,晴,晴,晴,晴,晴,小到中雨,阴,阴,阴,多云,多云,多云,阴
1597,多云,多云,多云,多云,多云,晴,多云,多云,多云,小雨,多云,多云,多云,多云
1598,多云,晴,霾,霾,霾,多云,晴,晴,多云,多云,晴,霾,霾,霾
1599,多云,晴,晴,晴,晴,多云,小雨,小雨,阴,小雨,晴,多云,小雨,阴
1600,多云,多云,多云,晴,晴,晴,多云,多云,阴,小雨,阴,阴,多云,多云
1601,阴,多云,晴,晴,晴,多云,小雨,小雨,小雨,多云,晴,小雨,小雨,小雨
1602,多云,晴,晴,晴,晴,多云,小到中雨,阴,阴,阴,晴,多云,阴,阴
1603,晴,晴,晴,晴,晴,晴,小到中雨,阴,阴,阴,多云,多云,多云,阴
1604,阴,晴,晴,晴,晴,多云,中雨,小雨,小雨,晴,晴,晴,多云,多云
1605,小雨,多云,晴,晴,晴,多云,小雨,小雨,小雨,多云,晴,阴,小雨,小雨
1606,多云,多云,多云,晴,晴,晴,多云,多云,阴,小雨,阴,阴,多云,多云
1607,多云,晴,晴,晴,晴,多云,阵雨,阴,阴,阴,晴,多云,阵雨,多云
1608,小雨,阴,小雨,多云,晴,晴,阵雨,小雨,小雨,多云,多云,晴,晴,晴
1609,阴,多云,晴,晴,晴,多云,小雨,小雨,小雨,多云,晴,小雨,小雨,小雨
1610,阴,多云,晴,晴,晴,多云,小雨,小雨,小雨,多云,晴,小雨,小雨,小雨
1611,晴,晴,晴,霾,晴,晴,小到中雪,霾,霾,小雨,晴,晴,多云,晴
1612,阴,晴,晴,晴,晴,多云,中雨,小雨,小雨,晴,晴,晴,多云,多云
1613,多云,晴,晴,晴,晴,多云,小雨,小雨,阴,小雨,晴,多云,小雨,阴
1614,多云,多云,多云,晴,晴,晴,晴,多云,阴,小雨,小雨,阴,多云,多云
1615,多云,晴,晴,晴,晴,多云,小雨,小雨,阴,小雨,晴,多云,小雨,阴
1616,多云,晴,晴,晴,晴,多云,小雨,小雨,阴,小雨,晴,多云,小雨,阴
1617,多云,多云,多云,晴,晴,晴,多云,多云,阴,小雨,阴,阴,多云,多云
1618,多云,多云,多云,多云,多云,晴,多云,多云,多云,小雨,多云,多云,多云,多云
1619,多云,晴,晴,晴,晴,多云,小雨,小雨,阴,小雨,晴,多云,小雨,阴
1620,多云,多云,多云,多云,多云,多云,多云,阵雨,阴,阵雨,多云,多云,多云,多云
1621,多云,多云,多云,晴,晴,晴,多云,多云,阴,小雨,阴,阴,多云,多云
1622,多云,晴,晴,晴,晴,多云,小雨,小雨,阴,小雨,晴,多云,小雨,阴
1623,多云,晴,晴,晴,晴,多云,小到中雨,阴,阴,阴,晴,多云,阴,阴
1624,阴,多云,晴,晴,晴,多云,小雨,小雨,小雨,多云,晴,小雨,小雨,小雨
1625,阴,阴,多云,多云,多云,小雨,中雨,小雨,小雨,多云,多云,多云,阴,阴
1626,阴,多云,晴,晴,晴,多云,小雨,小雨,小雨,多云,晴,小雨,小雨,小雨
1627,晴,晴,晴,晴,晴,晴,小到中雨,阴,阴,阴,多云,多云,多云,阴
1628,阴,多云,晴,晴,晴,多云,小雨,小雨,小雨,多云,晴,小雨,小雨,小雨
1629,多云,晴,晴,多云,晴,多云,阵雨,阴,阴,阴,晴,多云,多云,阴
1630,晴,晴,晴,晴,晴,晴,小到中雨,阴,阴,阴,多云,多云,多云,阴
1631,多云,多云,多云,晴,晴,晴,多云,多云,阴,小雨,阴,阴,多云,多云
1632,阴,晴,晴,晴,晴,多云,中雨,小雨,小雨,晴,晴,晴,多云,多云
1633,阴,阴,多云,多云,阴,阴,小雨,小雨,小雨,多云,多云,阴,阴,阴
1634,多云,晴,晴,多云,晴,多云,阵雨,阴,阴,阴,晴,多云,多云,阴
1635,多云,晴,晴,晴,晴,多云,阵雨,阴,阴,多云,多云,多云,阴,多云
1636,多云,晴,霾,霾,晴,阴,晴,晴,霾,霾,多云,晴,霾,晴
1637,多云,晴,晴,晴,晴,多云,小雨,小雨,阴,小雨,晴,多云,小雨,阴
1638,多云,晴,晴,晴,晴,多云,小雨,小雨,阴,小雨,晴,多云,小雨,阴
1639,多云,晴,晴,晴,晴,多云,小雨,小雨,阴,小雨,晴,多云,小雨,阴
1640,多云,晴,晴,晴,晴,多云,小雨,小雨,阴,小雨,晴,多云,小雨,阴
1641,阴,多云,晴,晴,晴,多云,小雨,小雨,小雨,多云,晴,小雨,小雨,小雨
1642,多云,多云,多云,晴,晴,晴,多云,多云,阴,小雨,阴,阴,多云,多云
1643,多云,多云,多云,晴,晴,晴,晴,多云,阴,小雨,小雨,阴,多云,多云
1644,多云,多云,多云,晴,晴,晴,多云,多云,阴,小雨,阴,阴,多云,多云
1645,晴,晴,晴,晴,晴,晴,小到中雨,阴,阴,阴,多云,多云,多云,阴
1646,晴,晴,晴,晴,晴,多云,多云,小雨,小雨,小雨,小雨,小雨,多云,多云
1647,多云,晴,晴,晴,晴,多云,小雨,小雨,阴,小雨,晴,多云,小雨,阴
1648,小雨,多云,晴,晴,晴,多云,小雨,小雨,小雨,多云,晴,阴,小雨,小雨
1649,阴,晴,晴,晴,多云,小雨,小雨,小雨,小雨,晴,晴,晴,多云,小雨
1650,阴,阴,多云,多云,阴,阴,小雨,小雨,小雨,多云,多云,阴,阴,阴
1651,多云,多云,多云,晴,晴,晴,多云,多云,阴,小雨,阴,阴,多云,多云
1652,多云,多云,多云,晴,晴,晴,多云,多云,阴,小雨,阴,阴,多云,多云
1653,多云,晴,晴,多云,晴,多云,阵雨,阴,阴,阴,晴,多云,多云,阴
1654,多云,多云,多云,晴,晴,晴,多云,多云,阴,小雨,阴,阴,多云,多云
1655,多云,多云,多云,晴,晴,晴,多云,多云,阴,小雨,阴,阴,多云,多云
1656,阴,多云,晴,晴,晴,多云,小雨,小雨,小雨,多云,晴,小雨,小雨,小雨
1657,多云,晴,晴,晴,晴,多云,中雨,阴,阴,多云,多云,多云,多云,多云
1658,多云,晴,霾,霾,晴,阴,晴,晴,霾,霾,多云,晴,霾,晴
1659,阴,多云,晴,晴,晴,晴,小雨,小雨,阴,阴,晴,多云,阴,小雨
1660,阴,晴,晴,晴,晴,多云,中雨,阴,小到中雨,多云,晴,阴,小雨,阴
1661,多云,晴,晴,晴,晴,小雨,小雨,晴,阴,晴,晴,多云,多云,多云
1662,多云,多云,多云,晴,晴,晴,多云,多云,阴,小雨,阴,阴,多云,多云
1663,多云,多云,多云,晴,多云,多云,阴,小雨,小雨,小雨,多云,阵雨,多云,多云
1664,多云,多云,多云,晴,晴,晴,多云,多云,阴,小雨,阴,阴,多云,多云
1665,晴,晴,晴,晴,晴,晴,小到中雨,阴,阴,阴,多云,多云,多云,阴
1666,多云,多云,晴,晴,晴,小雨,小雨,阴,多云,晴,晴,晴,多云,多云
1667,多云,多云,多云,晴,晴,晴,多云,多云,阴,小雨,阴,阴,多云,多云
1668,多云,晴,晴,晴,晴,多云,小雨,小雨,阴,小雨,晴,多云,小雨,阴
1669,多云,晴,晴,多云,晴,多云,阵雨,阴,阴,阴,晴,多云,多云,阴
1670,晴,晴,晴,晴,晴,晴,小到中雨,阴,阴,阴,多云,多云,多云,阴
1671,阴,多云,多云,阴,多云,多云,阴,阵雨,小雨,多云,多云,阴,多云,多云
1672,阴,晴,晴,晴,晴,多云,中雨,小雨,小雨,晴,晴,晴,多云,多云
1673,多云,晴,晴,晴,晴,多云,小雨,小雨,阴,小雨,晴,多云,小雨,阴
1674,阴,多云,多云,晴,晴,多云,阴,小雨,小雨,多云,多云,小雨,阴,小雨
1675,阴,多云,晴,晴,晴,多云,小雨,小雨,小雨,多云,晴,小雨,小雨,小雨
1676,阴,多云,晴,晴,晴,多云,小雨,小雨,小雨,多云,晴,小雨,小雨,小雨
1677,晴,多云,晴,晴,晴,多云,小雨,晴,晴,晴,晴,晴,霾,霾
1678,晴,晴,晴,晴,晴,晴,小到中雨,阴,阴,阴,多云,多云,多云,阴
1679,阴,阴,多云,多云,多云,小雨,小雨,小雨,小雨,晴,阴,多云,多云,多云
1680,阴,晴,晴,晴,晴,多云,中雨,小雨,小雨,晴,晴,晴,多云,多云
1681,多云,晴,晴,多云,晴,多云,阵雨,阴,阴,阴,晴,多云,多云,阴
1682,晴,多云,晴,晴,晴,多云,小雨,晴,晴,晴,晴,晴,霾,霾
1683,多云,晴,晴,晴,晴,多云,小雨,小雨,阴,小雨,晴,多云,小雨,阴
1684,多云,晴,霾,霾,晴,阴,晴,晴,霾,霾,多云,晴,霾,晴
1685,多云,晴,霾,霾,晴,阴,晴,晴,霾,霾,多云,晴,霾,晴
1686,多云,多云,多云,晴,晴,晴,多云,多云,阴,小雨,阴,阴,多云,多云
1687,晴,晴,晴,晴,晴,晴,小到中雨,阴,阴,阴,多云,多云,多云,阴
1688,多云,晴,晴,晴,晴,晴,多云,多云,阴,小雨,多云,多云,晴,晴
1689,多云,多云,多云,晴,晴,晴,多云,多云,阴,小雨,阴,阴,多云,多云
1690,阴,多云,多云,阴,多云,多云,阴,阵雨,小雨,多云,多云,阴,多云,多云
1691,多云,多云,多云,多云,多云,多云,多云,阵雨,阴,阵雨,多云,多云,多云,多云
1692,多云,多云,多云,晴,晴,晴,晴,多云,阴,小雨,小雨,阴,多云,多云
1693,多云,晴,晴,多云,晴,多云,阵雨,阴,阴,阴,晴,多云,多云,阴
1694,阴,多云,晴,晴,晴,多云,小雨,小雨,小雨,多云,晴,小雨,小雨,小雨
1695,多云,晴,晴,晴,晴,多云,小雨,小雨,阴,小雨,晴,多云,小雨,阴
1696,多云,多云,多云,晴,晴,晴,多云,多云,阴,小雨,阴,阴,多云,多云
1697,多云,晴,晴,晴,晴,多云,小雨,小雨,阴,小雨,晴,多云,小雨,阴
1698,阴,晴,晴,晴,晴,多云,中雨,小雨,小雨,晴,晴,晴,多云,多云
1699,多云,晴,晴,晴,晴,多云,小雨,小雨,阴,小雨,晴,多云,小雨,阴
1700,阴,晴,晴,晴,晴,多云,中雨,小雨,小雨,晴,晴,晴,多云,多云
1701,多云,多云,多云,多云,多云,晴,多云,多云,多云,小雨,多云,多云,多云,多云
1702,阴,多云,多云,晴,晴,多云,阴,小雨,小雨,多云,多云,小雨,阴,小雨
1703,晴,晴,晴,晴,晴,晴,小到中雨,阴,阴,阴,多云,多云,多云,阴
1704,多云,晴,晴,晴,晴,多云,小雨,小雨,阴,小雨,晴,多云,小雨,阴
1705,多云,晴,晴,晴,晴,多云,小雨,小雨,阴,小雨,晴,多云,小雨,阴
1706,多云,晴,霾,霾,晴,阴,晴,晴,霾,霾,多云,晴,霾,晴
1707,阴,多云,晴,晴,晴,多云,小雨,小雨,小雨,多云,晴,小雨,小雨,小雨
1708,阴,多云,多云,晴,晴,多云,阴,小雨,小雨,多云,多云,小雨,阴,小雨
1709,多云,晴,晴,晴,晴,多云,小雨,小雨,阴,小雨,晴,多云,小雨,阴
1710,阴,晴,晴,晴,晴,多云,中雨,小雨,小雨,晴,晴,晴,多云,多云
1711,阴,多云,晴,晴,晴,多云,小雨,小雨,小雨,多云,晴,小雨,小雨,小雨
1712,多云,多云,多云,多云,多云,晴,多云,多云,多云,小雨,多云,多云,多云,多云
1713,阴,多云,晴,晴,晴,多云,小雨,小雨,小雨,多云,晴,小雨,小雨,小雨
1714,多云,多云,多云,多云,多云,晴,多云,多云,多云,小雨,多云,多云,多云,多云
1715,多云,多云,多云,多云,多云,晴,多云,多云,多云,小雨,多云,多云,多云,多云
1716,阴,多云,晴,晴,晴,多云,小雨,小雨,小雨,多云,晴,小雨,小雨,小雨
1717,阴,阴,多云,多云,阴,阴,小雨,小雨,小雨,多云,多云,阴,阴,阴
1718,晴,晴,晴,晴,晴,晴,小到中雨,阴,阴,阴,多云,多云,多云,阴
1719,阴,多云,晴,晴,晴,多云,小雨,小雨,小雨,多云,晴,小雨,小雨,小雨
1720,多云,多云,多云,晴,晴,晴,多云,多云,阴,小雨,阴,阴,多云,多云
1721,阴,阴,多云,多云,多云,小雨,小雨,小雨,小雨,晴,阴,多云,多云,多云
1722,多云,多云,晴,晴,晴,小雨,小雨,阴,多云,晴,晴,晴,晴,多云
1723,多云,多云,多云,晴,晴,晴,多云,多云,阴,小雨,阴,阴,多云,多云
1724,多云,晴,晴,多云,晴,多云,阵雨,阴,阴,阴,晴,多云,多云,阴
1725,阴,多云,晴,晴,晴,晴,小雨,小雨,小雨,阴,晴,小雨,小雨,小雨
1726,多云,晴,霾,霾,晴,阴,晴,晴,霾,霾,多云,晴,霾,晴
1727,多云,晴,霾,霾,晴,阴,晴,晴,霾,霾,多云,晴,霾,晴
1728,晴,晴,晴,晴,晴,晴,小到中雨,阴,阴,阴,多云,多云,多云,阴
1729,小雨,多云,晴,晴,晴,多云,小雨,小雨,小雨,多云,晴,阴,小雨,小雨
1730,阴,晴,晴,晴,晴,多云,中雨,小雨,小雨,晴,晴,晴,多云,多云
1731,多云,晴,霾,霾,晴,阴,晴,晴,霾,霾,多云,晴,霾,晴
1732,晴,晴,晴,晴,晴,晴,小到中雨,阴,阴,阴,多云,多云,多云,阴
1733,阴,阴,多云,多云,多云,小雨,小雨,小雨,小雨,晴,阴,多云,多云,多云
1734,多云,晴,晴,晴,晴,多云,小雨,小雨,阴,小雨,晴,多云,小雨,阴
1735,多云,晴,霾,霾,晴,阴,晴,晴,霾,霾,多云,晴,霾,晴
1736,晴,晴,晴,霾,霾,晴,小雪,晴,晴,小雨,晴,多云,晴,雾
1737,多云,晴,晴,晴,晴,多云,小雨,小雨,阴,小雨,晴,多云,小雨,阴
1738,阴,多云,多云,阴,多云,多云,阴,阵雨,小雨,多云,多云,阴,多云,多云
1739,多云,晴,晴,晴,晴,多云,小雨,小雨,阴,小雨,晴,多云,小雨,阴
1740,多云,多云,多云,多云,多云,晴,多云,多云,多云,小雨,多云,多云,多云,多云
1741,晴,多云,晴,晴,晴,晴,雨夹雪,晴,晴,小雨,晴,晴,晴,晴
1742,多云,晴,晴,晴,晴,多云,小雨,小雨,阴,小雨,晴,多云,小雨,阴
1743,阴,阴,多云,多云,多云,小雨,小雨,小雨,小雨,晴,阴,多云,多云,多云
1744,晴,多云,晴,晴,晴,多云,小雨,晴,晴,晴,晴,晴,霾,霾
1745,阴,多云,晴,晴,晴,多云,小雨,小雨,小雨,多云,晴,小雨,小雨,小雨
1746,多云,晴,晴,晴,晴,多云,小雨,小雨,阴,小雨,晴,多云,小雨,阴
1747,多云,多云,多云,多云,多云,多云,多云,阵雨,阴,阵雨,多云,多云,多云,多云
1748,多云,多云,晴,晴,晴,多云,小雨,小雨,小雨,阴,晴,多云,小雨,小雨
1749,多云,晴,晴,晴,晴,多云,小雨,小雨,阴,小雨,晴,多云,小雨,阴
1750,小雨,多云,晴,晴,晴,多云,小雨,小雨,小雨,多云,晴,阴,小雨,小雨
1751,阴,晴,晴,晴,晴,多云,中雨,小雨,小雨,晴,晴,晴,多云,多云
1752,阴,多云,多云,晴,晴,晴,多云,小雨,小雨,阴,晴,阴,小雨,小雨
1753,多云,多云,多云,晴,晴,晴,多云,多云,阴,小雨,阴,阴,多云,多云
1754,多云,多云,多云,晴,晴,晴,多云,多云,阴,小雨,阴,阴,多云,多云
1755,多云,晴,晴,多云,晴,多云,阵雨,阴,阴,阴,晴,多云,多云,阴
1756,多云,晴,霾,霾,晴,阴,晴,晴,霾,霾,多云,晴,霾,晴
1757,多云,晴,晴,霾,雾,多云,多云,晴,多云,阴,多云,晴,霾,晴
1758,晴,多云,晴,晴,晴,多云,小雨,晴,晴,晴,晴,晴,霾,霾
1759,晴,晴,晴,晴,晴,晴,小到中雨,阴,阴,阴,多云,多云,多云,阴
1760,阴,多云,多云,多云,晴,多云,多云,阵雨,多云,多云,晴,阴,多云,多云
1761,晴,晴,晴,晴,晴,晴,小到中雨,阴,阴,阴,多云,多云,多云,阴
1762,多云,晴,霾,霾,晴,阴,晴,晴,霾,霾,多云,晴,霾,晴
1763,多云,晴,霾,霾,晴,阴,晴,晴,霾,霾,多云,晴,霾,晴
1764,多云,晴,霾,霾,晴,阴,晴,晴,霾,霾,多云,晴,霾,晴
1765,小雨,多云,晴,晴,晴,多云,小雨,小雨,小雨,多云,晴,阴,小雨,小雨
1766,多云,晴,晴,晴,晴,多云,小雨,小雨,阴,小雨,晴,多云,小雨,阴
1767,晴,晴,晴,霾,晴,晴,小到中雪,霾,霾,小雨,晴,晴,多云,晴
1768,多云,多云,多云,晴,晴,晴,多云,多云,阴,小雨,阴,阴,多云,多云
1769,阴,多云,多云,晴,晴,多云,阴,小雨,小雨,多云,多云,小雨,阴,小雨
1770,多云,多云,霾,霾,霾,小雨,阴,阴,阴,晴,晴,多云,霾,霾
1771,阴,阴,多云,多云,多云,小雨,中雨,小雨,小雨,多云,多云,多云,阴,阴
1772,阴,晴,晴,晴,晴,多云,中雨,小雨,小雨,晴,晴,晴,多云,多云
1773,多云,多云,多云,晴,晴,晴,多云,多云,阴,小雨,阴,阴,多云,多云
1774,多云,多云,多云,晴,晴,晴,多云,多云,阴,小雨,阴,阴,多云,多云
1775,阴,多云,晴,晴,晴,多云,小雨,小雨,小雨,多云,晴,小雨,小雨,小雨
1776,多云,晴,晴,晴,晴,多云,小雨,小雨,阴,小雨,晴,多云,小雨,阴
1777,阴,多云,晴,晴,晴,多云,小雨,小雨,小雨,多云,晴,小雨,小雨,小雨
1778,阴,多云,多云,晴,晴,晴,多云,小雨,小雨,阴,晴,阴,小雨,小雨
1779,多云,晴,霾,霾,晴,阴,晴,晴,霾,霾,多云,晴,霾,晴
1780,阵雨,多云,多云,多云,多云,多云,阴,阵雨,阴,多云,多云,阴,多云,多云
1781,多云,多云,多云,多云,多云,晴,多云,多云,多云,小雨,多云,多云,多云,多云
1782,多云,多云,多云,晴,晴,晴,多云,多云,阴,小雨,阴,阴,多云,多云
1783,多云,多云,多云,多云,多云,多云,多云,阵雨,阴,阵雨,多云,多云,多云,多云
1784,多云,多云,多云,晴,晴,晴,多云,多云,阴,小雨,阴,阴,多云,多云
1785,多云,多云,多云,晴,晴,晴,多云,多云,阴,小雨,阴,阴,多云,多云
1786,阴,多云,多云,晴,晴,多云,阵雨,阵雨,阵雨,多云,晴,阵雨,阴,小雨
1787,阴,多云,晴,晴,晴,多云,小雨,小雨,小雨,多云,晴,小雨,小雨,小雨
1788,阴,多云,多云,晴,晴,多云,阵雨,阵雨,阵雨,多云,晴,阵雨,阴,小雨
1789,阴,晴,晴,晴,晴,多云,中雨,小雨,小雨,晴,晴,晴,多云,多云
1790,多云,晴,霾,霾,晴,阴,晴,晴,霾,霾,多云,晴,霾,晴
1791,晴,多云,晴,晴,晴,晴,雨夹雪,晴,晴,小雨,晴,晴,晴,晴
1792,小雨,多云,晴,晴,晴,多云,小雨,小雨,小雨,多云,晴,阴,小雨,小雨
1793,多云,晴,晴,晴,晴,多云,小雨,小雨,阴,小雨,晴,多云,小雨,阴
1794,多云,多云,霾,霾,霾,小雨,阴,阴,阴,晴,晴,多云,霾,霾
1795,多云,多云,多云,多云,多云,晴,多云,多云,多云,小雨,多云,多云,多云,多云
1796,晴,晴,晴,晴,晴,晴,小到中雨,阴,阴,阴,多云,多云,多云,阴
1797,多云,晴,晴,晴,晴,多云,小雨,小雨,阴,小雨,晴,多云,小雨,阴
1798,阴,多云,多云,晴,晴,晴,多云,小雨,小雨,阴,晴,阴,小雨,小雨
1799,阴,多云,多云,晴,晴,多云,阴,小雨,小雨,多云,多云,小雨,阴,小雨
1800,晴,多云,晴,阵雪,霾,霾,阵雪,晴,晴,雨夹雪,中雪,晴,雨夹雪,多云
1801,晴,晴,晴,晴,晴,晴,小到中雨,阴,阴,阴,多云,多云,多云,阴
1802,晴,晴,晴,晴,晴,晴,中雨,阴,阴,阴,晴,多云,多云,多云
1803,多云,晴,晴,晴,晴,多云,阵雨,阴,阴,阴,晴,多云,阵雨,多云
1804,多云,晴,晴,多云,晴,多云,阵雨,阴,阴,阴,晴,多云,多云,阴
1805,多云,晴,晴,晴,晴,多云,多云,多云,阴,阵雨,阵雨,多云,多云,多云
1806,多云,晴,霾,霾,晴,阴,晴,晴,霾,霾,多云,晴,霾,晴
1807,阴,多云,晴,晴,晴,晴,小雨,小雨,小雨,阴,晴,小雨,小雨,小雨
1808,多云,阴,晴,多云,多云,晴,多云,阵雨,阴,阵雨,多云,多云,晴,多云
1809,多云,晴,霾,霾,晴,阴,晴,晴,霾,霾,多云,晴,霾,晴
1810,阴,多云,多云,阴,多云,多云,阴,阵雨,小雨,多云,多云,阴,多云,多云
1811,多云,多云,多云,晴,晴,晴,多云,多云,阴,小雨,阴,阴,多云,多云
1812,多云,多云,霾,霾,霾,小雨,阴,阴,阴,晴,晴,多云,霾,霾
1813,晴,晴,晴,晴,晴,晴,小到中雨,阴,阴,阴,多云,多云,多云,阴
1814,晴,晴,晴,晴,晴,晴,小到中雨,阴,阴,阴,多云,多云,多云,阴
1815,多云,晴,晴,晴,晴,多云,小雨,小雨,阴,小雨,晴,多云,小雨,阴
1816,多云,多云,多云,晴,晴,晴,多云,多云,阴,小雨,阴,阴,多云,多云
1817,多云,多云,多云,晴,晴,晴,多云,多云,阴,小雨,阴,阴,多云,多云
1818,阴,多云,多云,晴,晴,多云,阵雨,阵雨,阵雨,多云,晴,阵雨,阴,小雨
1819,阴,阴,多云,多云,多云,小雨,中雨,小雨,小雨,多云,多云,多云,阴,阴
1820,小雨,多云,晴,晴,晴,多云,小雨,小雨,小雨,多云,晴,阴,小雨,小雨
1821,阴,阴,多云,多云,多云,小雨,中雨,小雨,小雨,多云,多云,多云,阴,阴
1822,多云,多云,多云,晴,晴,晴,多云,多云,阴,小雨,阴,阴,多云,多云
1823,多云,多云,多云,晴,晴,晴,多云,多云,阴,小雨,阴,阴,多云,多云
1824,阴,晴,晴,晴,晴,多云,中雨,小雨,小雨,晴,晴,晴,多云,多云
1825,多云,多云,霾,霾,霾,小雨,阴,阴,阴,晴,晴,多云,霾,霾
1826,阴,阴,多云,多云,阴,阴,小雨,小雨,小雨,多云,多云,阴,阴,阴
1827,多云,晴,晴,晴,晴,多云,小雨,小雨,阴,小雨,晴,多云,小雨,阴
1828,多云,多云,多云,晴,晴,晴,多云,多云,阴,小雨,阴,阴,多云,多云
1829,多云,多云,多云,晴,晴,晴,多云,多云,阴,小雨,阴,阴,多云,多云
1830,阴,晴,晴,晴,晴,多云,中雨,阴,小雨,晴,晴,晴,多云,多云
1831,多云,多云,多云,多云,多云,晴,多云,多云,多云,小雨,多云,多云,多云,多云
1832,阴,多云,多云,晴,晴,多云,阵雨,阵雨,阵雨,多云,晴,阵雨,阴,小雨
1833,多云,多云,多云,晴,晴,晴,晴,多云,阴,小雨,小雨,阴,多云,多云
1834,晴,晴,晴,晴,晴,多云,小雨,多云,多云,阴,晴,晴,晴,雾
1835,多云,晴,晴,晴,晴,多云,小雨,小雨,阴,小雨,晴,多云,小雨,阴
1836,多云,晴,晴,晴,多云,晴,小雨,阴,阴,多云,多云,多云,多云,小雨
1837,多云,晴,霾,霾,晴,阴,晴,晴,霾,霾,多云,晴,霾,晴
1838,晴,晴,晴,晴,晴,晴,小到中雨,阴,阴,阴,多云,多云,多云,阴
1839,阴,晴,晴,晴,晴,多云,中雨,小雨,小雨,晴,晴,晴,多云,多云
1840,多云,晴,霾,霾,晴,阴,晴,晴,霾,霾,多云,晴,霾,晴
1841,多云,晴,晴,晴,晴,多云,小雨,小雨,阴,小雨,晴,多云,小雨,阴
1842,阴,多云,晴,晴,晴,多云,小雨,小雨,小雨,多云,晴,小雨,小雨,小雨
1843,多云,晴,晴,晴,晴,多云,小雨,小雨,阴,小雨,晴,多云,小雨,阴
1844,阴,多云,晴,晴,晴,晴,小雨,小雨,小雨,阴,晴,小雨,小雨,小雨
1845,多云,晴,晴,多云,晴,多云,阵雨,阴,阴,阴,晴,多云,多云,阴
1846,多云,晴,晴,晴,晴,多云,小雨,小雨,阴,小雨,晴,多云,小雨,阴
1847,阴,晴,晴,晴,晴,多云,中雨,小雨,小雨,晴,晴,晴,多云,多云
1848,晴,晴,多云,多云,霾,霾,多云,晴,晴,小雨,晴,晴,多云,晴
1849,阴,多云,多云,晴,晴,多云,阴,小雨,小雨,多云,多云,小雨,阴,小雨
1850,多云,晴,霾,霾,霾,多云,晴,晴,多云,多云,晴,霾,霾,霾
1851,阴,阴,多云,多云,多云,小雨,小雨,小雨,小雨,晴,阴,多云,多云,多云
1852,晴,晴,晴,晴,晴,晴,小到中雨,阴,阴,阴,多云,多云,多云,阴
1853,多云,晴,霾,霾,晴,阴,晴,晴,霾,霾,多云,晴,霾,晴
1854,多云,晴,晴,多云,晴,多云,阵雨,阴,阴,阴,晴,多云,多云,阴
1855,阴,多云,晴,晴,晴,多云,小雨,小雨,小雨,多云,晴,小雨,小雨,小雨
1856,多云,多云,多云,多云,多云,晴,多云,多云,多云,小雨,多云,多云,多云,多云
1857,阴,多云,多云,阴,多云,多云,阴,阵雨,小雨,多云,多云,阴,多云,多云
1858,阴,晴,晴,晴,晴,多云,中雨,小雨,小雨,晴,晴,晴,多云,多云
1859,多云,多云,多云,晴,晴,晴,多云,多云,阴,小雨,阴,阴,多云,多云
1860,多云,晴,晴,晴,晴,多云,小雨,小雨,阴,小雨,晴,多云,小雨,阴
1861,阴,多云,晴,晴,晴,多云,小雨,小雨,小雨,多云,晴,小雨,小雨,小雨
1862,多云,晴,晴,晴,晴,多云,小雨,小雨,阴,小雨,晴,多云,小雨,阴
1863,阴,多云,晴,晴,晴,多云,小雨,小雨,小雨,多云,晴,小雨,小雨,小雨
1864,晴,晴,晴,晴,晴,晴,小到中雨,阴,阴,阴,多云,多云,多云,阴
1865,阴,多云,晴,晴,晴,多云,小雨,小雨,小雨,多云,晴,小雨,小雨,小雨
1866,阴,阴,多云,多云,阴,阴,小雨,小雨,小雨,多云,多云,阴,阴,阴
1867,小雨,多云,晴,晴,晴,多云,小雨,小雨,小雨,多云,晴,阴,小雨,小雨
1868,阴,多云,多云,阴,多云,多云,阴,阵雨,小雨,多云,多云,阴,多云,多云
1869,晴,晴,多云,晴,晴,晴,晴,多云,阴,小雨,阴,多云,多云,多云
1870,多云,晴,晴,晴,晴,多云,小雨,小雨,阴,小雨,晴,多云,小雨,阴
1871,晴,晴,晴,晴,多云,多云,晴,晴,多云,多云,晴,晴,晴,晴
1872,阴,多云,多云,晴,晴,多云,阵雨,阵雨,阵雨,多云,晴,阵雨,阴,小雨
1873,阴,多云,晴,晴,晴,多云,小雨,小雨,小雨,多云,晴,小雨,小雨,小雨
1874,多云,晴,晴,晴,晴,多云,阵雨,阴,阴,阴,晴,多云,阵雨,多云
1875,多云,晴,晴,晴,晴,多云,小雨,小雨,阴,小雨,晴,多云,小雨,阴
1876,阴,晴,晴,晴,晴,多云,中雨,小雨,小雨,晴,晴,晴,多云,多云
1877,阴,多云,多云,阴,多云,多云,阴,阵雨,小雨,多云,多云,阴,多云,多云
1878,阴,多云,多云,阴,多云,多云,阴,阵雨,小雨,多云,多云,阴,多云,多云
1879,小雨,多云,晴,晴,晴,多云,小雨,小雨,小雨,多云,晴,阴,小雨,小雨
1880,晴,晴,晴,晴,晴,晴,小到中雨,阴,阴,阴,多云,多云,多云,阴
1881,阴,多云,多云,阴,多云,多云,阴,阵雨,小雨,多云,多云,阴,多云,多云
1882,多云,晴,晴,晴,晴,多云,阵雨,阴,阴,阴,晴,多云,阵雨,多云
1883,多云,晴,晴,多云,晴,多云,阵雨,阴,阴,阴,晴,多云,多云,阴
1884,多云,晴,晴,多云,晴,多云,阵雨,阴,阴,阴,晴,多云,多云,阴
1885,多云,晴,霾,霾,晴,阴,晴,晴,霾,霾,多云,晴,霾,晴
1886,多云,晴,晴,晴,晴,多云,小雨,小雨,阴,小雨,晴,多云,小雨,阴
1887,多云,晴,晴,晴,晴,多云,小雨,小雨,阴,小雨,晴,多云,小雨,阴
1888,多云,多云,多云,晴,晴,晴,多云,多云,阴,小雨,阴,阴,多云,多云
1889,多云,晴,霾,霾,晴,阴,晴,晴,霾,霾,多云,晴,霾,晴
1890,多云,晴,晴,晴,晴,多云,小雨,小雨,阴,小雨,晴,多云,小雨,阴
1891,阴,多云,多云,阴,多云,多云,阴,阵雨,小雨,多云,多云,阴,多云,多云
1892,阴,多云,晴,晴,晴,多云,小雨,小雨,小雨,多云,晴,小雨,小雨,小雨
1893,多云,多云,多云,多云,多云,晴,多云,多云,多云,小雨,多云,多云,多云,多云
1894,多云,晴,霾,霾,晴,阴,晴,晴,霾,霾,多云,晴,霾,晴
1895,多云,多云,多云,晴,晴,晴,多云,多云,阴,小雨,阴,阴,多云,多云
1896,阴,多云,晴,晴,晴,多云,小雨,小雨,小雨,多云,晴,小雨,小雨,小雨
1897,阴,多云,多云,晴,晴,多云,阴,小雨,小雨,多云,多云,小雨,阴,小雨
1898,阴,多云,晴,晴,晴,多云,小雨,小雨,小雨,多云,晴,小雨,小雨,小雨
1899,多云,晴,晴,晴,晴,多云,中雨,阴,阴,多云,多云,多云,多云,多云
1900,晴,晴,晴,晴,晴,多云,小雨,多云,多云,阴,晴,晴,晴,雾
1901,晴,晴,晴,晴,晴,多云,小雨,多云,多云,阴,晴,晴,晴,雾
1902,阴,多云,晴,晴,晴,多云,小雨,小雨,小雨,多云,晴,小雨,小雨,小雨
1903,阴,多云,多云,晴,晴,多云,阵雨,阵雨,阵雨,多云,晴,阵雨,阴,小雨
1904,小雨,多云,晴,晴,晴,多云,小雨,小雨,小雨,多云,晴,阴,小雨,小雨
1905,阴,晴,晴,晴,晴,多云,中雨,小雨,小雨,晴,晴,晴,多云,多云
1906,多云,多云,晴,晴,晴,阴,小雨,多云,多云,晴,晴,多云,多云,多云
1907,多云,多云,多云,多云,多云,晴,多云,多云,多云,小雨,多云,多云,多云,多云
1908,阴,晴,晴,晴,晴,多云,中雨,小雨,小雨,晴,晴,晴,多云,多云
1909,阴,晴,晴,晴,晴,多云,中雨,小雨,小雨,晴,晴,晴,多云,多云
1910,多云,晴,霾,霾,晴,阴,晴,晴,霾,霾,多云,晴,霾,晴
1911,多云,晴,晴,霾,雾,多云,多云,晴,多云,阴,多云,晴,霾,晴
1912,阴,阴,多云,多云,多云,小雨,中雨,小雨,小雨,多云,多云,多云,阴,阴
1913,多云,晴,晴,霾,雾,多云,多云,晴,多云,阴,多云,晴,霾,晴
1914,晴,晴,晴,晴,晴,晴,小到中雨,阴,阴,阴,多云,多云,多云,阴
1915,多云,晴,霾,霾,晴,阴,晴,晴,霾,霾,多云,晴,霾,晴
1916,阴,多云,多云,晴,晴,多云,阴,小雨,小雨,多云,多云,小雨,阴,小雨
1917,阴,多云,多云,晴,晴,多云,阵雨,阵雨,阵雨,多云,晴,阵雨,阴,小雨
1918,阵雨,多云,晴,晴,晴,多云,小雨,小雨,小雨,多云,晴,多云,阵雨,阵雨
1919,多云,多云,多云,晴,多云,多云,阴,小雨,小雨,小雨,多云,阵雨,多云,多云
1920,多云,多云,多云,晴,晴,晴,多云,多云,阴,小雨,阴,阴,多云,多云
1921,阴,多云,多云,多云,晴,多云,多云,阵雨,多云,多云,晴,阴,多云,多云
1922,多云,多云,多云,晴,晴,晴,多云,多云,阴,小雨,阴,阴,多云,多云
1923,多云,晴,晴,晴,晴,多云,小雨,小雨,阴,小雨,晴,多云,小雨,阴
1924,小雨,多云,晴,晴,晴,晴,小雨,小雨,小雨,多云,晴,多云,阴,小雨
1925,晴,多云,晴,晴,晴,晴,雨夹雪,晴,晴,小雨,晴,晴,晴,晴
1926,多云,多云,多云,多云,多云,晴,多云,多云,多云,小雨,多云,多云,多云,多云
1927,晴,多云,晴,晴,晴,晴,雨夹雪,晴,晴,小雨,晴,晴,晴,晴
1928,阴,多云,晴,晴,晴,多云,小雨,小雨,小雨,多云,晴,小雨,小雨,小雨
1929,多云,多云,多云,多云,多云,多云,多云,阵雨,阴,阵雨,多云,多云,多云,多云
1930,多云,晴,晴,晴,晴,多云,小雨,小雨,阴,小雨,晴,多云,小雨,阴
1931,多云,多云,多云,多云,多云,晴,多云,多云,多云,小雨,多云,多云,多云,多云
1932,多云,晴,晴,多云,晴,多云,阵雨,阴,阴,阴,晴,多云,多云,阴
1933,多云,晴,霾,霾,晴,阴,晴,晴,霾,霾,多云,晴,霾,晴
1934,多云,晴,雾,晴,晴,阴,多云,晴,多云,晴,晴,晴,霾,雾
1935,阴,多云,晴,晴,晴,晴,小雨,小雨,阴,阴,晴,多云,阴,小雨
1936,多云,晴,晴,晴,晴,多云,小雨,小雨,阴,小雨,晴,多云,小雨,阴
1937,阵雨,多云,晴,晴,晴,多云,小雨,小雨,小雨,多云,晴,多云,阵雨,阵雨
1938,晴,晴,晴,晴,晴,晴,小到中雨,阴,阴,阴,多云,多云,多云,阴
1939,多云,晴,霾,霾,晴,阴,晴,晴,霾,霾,多云,晴,霾,晴
1940,晴,多云,晴,晴,多云,晴,晴,阴,阴,小雨,阴,多云,多云,多云
1941,晴,晴,晴,晴,晴,晴,小到中雨,阴,阴,阴,多云,多云,多云,阴
1942,多云,晴,晴,晴,晴,阴,小雨,多云,多云,晴,晴,晴,多云,多云
1943,阴,晴,晴,晴,晴,多云,中雨,小雨,小雨,晴,晴,晴,多云,多云
1944,多云,晴,晴,晴,晴,多云,小雨,小雨,阴,小雨,晴,多云,小雨,阴
1945,多云,晴,霾,霾,晴,阴,晴,晴,霾,霾,多云,晴,霾,晴
1946,小雨,小雨,多云,晴,晴,晴,阴,小雨,小雨,小雨,多云,小雨,多云,小雨
1947,多云,晴,霾,霾,霾,多云,晴,晴,多云,多云,晴,霾,霾,霾
1948,多云,晴,晴,晴,晴,多云,小雨,小雨,阴,小雨,晴,多云,小雨,阴
1949,阴,多云,晴,晴,晴,多云,小雨,小雨,小雨,多云,晴,小雨,小雨,小雨
1950,多云,晴,晴,多云,晴,多云,阵雨,阴,阴,阴,晴,多云,多云,阴
1951,阴,多云,晴,晴,晴,晴,小雨,小雨,小雨,阴,晴,小雨,小雨,小雨
1952,多云,多云,多云,阴,晴,多云,多云,小雨,阴,阴,多云,多云,多云,多云
1953,多云,多云,多云,晴,晴,晴,多云,多云,阴,小雨,阴,阴,多云,多云
1954,多云,多云,多云,晴,晴,晴,多云,多云,阴,小雨,阴,阴,多云,多云
1955,多云,晴,晴,晴,晴,多云,小雨,小雨,阴,小雨,晴,多云,小雨,阴
1956,阴,多云,晴,晴,晴,多云,小雨,小雨,小雨,多云,晴,小雨,小雨,小雨
1957,多云,晴,晴,晴,晴,多云,小雨,小雨,阴,小雨,晴,多云,小雨,阴
1958,晴,晴,晴,霾,晴,晴,小到中雪,霾,霾,小雨,晴,晴,多云,晴
1959,阴,多云,晴,晴,晴,多云,小雨,小雨,小雨,多云,晴,小雨,小雨,小雨
1960,多云,晴,晴,晴,晴,晴,小雨,多云,晴,阴,晴,晴,多云,多云
1961,多云,多云,多云,晴,晴,晴,多云,多云,阴,小雨,阴,阴,多云,多云
1962,多云,晴,晴,多云,晴,多云,阵雨,阴,阴,阴,晴,多云,多云,阴
1963,阴,多云,多云,晴,晴,多云,阴,小雨,小雨,多云,多云,小雨,阴,小雨
1964,阴,多云,晴,晴,晴,多云,小雨,小雨,小雨,多云,晴,小雨,小雨,小雨
1965,多云,晴,晴,多云,晴,多云,阵雨,阴,阴,阴,晴,多云,多云,阴
1966,阴,多云,晴,晴,晴,多云,小雨,小雨,小雨,多云,晴,小雨,小雨,小雨
1967,多云,晴,晴,晴,晴,多云,小雨,小雨,阴,小雨,晴,多云,小雨,阴
1968,多云,晴,晴,晴,晴,多云,小雨,小雨,阴,小雨,晴,多云,小雨,阴
1969,多云,晴,晴,晴,晴,多云,小雨,小雨,阴,小雨,晴,多云,小雨,阴
1970,晴,多云,晴,晴,晴,晴,雨夹雪,晴,晴,小雨,晴,晴,晴,晴
1971,多云,晴,晴,晴,晴,多云,小雨,小雨,阴,小雨,晴,多云,小雨,阴
1972,多云,多云,多云,晴,晴,晴,多云,多云,阴,小雨,阴,阴,多云,多云
1973,阴,晴,晴,晴,晴,多云,中雨,小雨,小雨,晴,晴,晴,多云,多云
1974,多云,晴,晴,晴,晴,多云,小雨,小雨,阴,小雨,晴,多云,小雨,阴
1975,阴,多云,多云,晴,晴,多云,阵雨,阵雨,阵雨,多云,晴,阵雨,阴,小雨
1976,多云,多云,晴,晴,晴,晴,小雨,小雨,阴,阴,晴,多云,多云,阴
1977,阴,晴,晴,晴,晴,多云,中雨,阴,小到中雨,多云,晴,阴,小雨,阴
1978,晴,晴,晴,晴,晴,晴,小到中雨,阴,阴,阴,多云,多云,多云,阴
1979,多云,晴,晴,霾,雾,多云,多云,晴,多云,阴,多云,晴,霾,晴
1980,阴,阴,晴,多云,阴,小雨,小雨,小雨,小雨,晴,阴,多云,多云,多云
1981,阴,晴,晴,晴,晴,多云,中雨,阴,小到中雨,多云,晴,阴,小雨,阴
1982,晴,晴,晴,晴,晴,晴,小雨,多云,晴,晴,多云,多云,多云,晴
1983,晴,多云,晴,晴,晴,多云,小雨,晴,晴,晴,晴,晴,霾,霾
1984,阴,多云,晴,晴,晴,多云,小雨,小雨,小雨,多云,晴,小雨,小雨,小雨
1985,多云,晴,晴,晴,晴,多云,小雨,小雨,阴,小雨,晴,多云,小雨,阴
1986,多云,多云,多云,晴,晴,晴,多云,多云,阴,小雨,阴,阴,多云,多云
1987,阴,多云,晴,晴,晴,多云,小雨,小雨,小雨,多云,晴,小雨,小雨,小雨
1988,晴,多云,晴,晴,多云,晴,晴,阴,阴,小雨,阴,多云,多云,多云
1989,阴,多云,多云,晴,晴,多云,阵雨,阵雨,阵雨,多云,晴,阵雨,阴,小雨
1990,多云,多云,晴,晴,晴,阴,小雨,多云,多云,晴,晴,多云,多云,多云
1991,多云,晴,晴,晴,晴,多云,小雨,小雨,阴,小雨,晴,多云,小雨,阴
1992,阴,多云,晴,晴,晴,小雨,小雨,小雨,小雨,晴,晴,多云,多云,晴
1993,阴,晴,晴,晴,晴,多云,中雨,阴,小到中雨,多云,晴,阴,小雨,阴
1994,多云,晴,晴,晴,晴,多云,小雨,小雨,阴,小雨,晴,多云,小雨,阴
1995,多云,晴,晴,多云,晴,多云,阵雨,阴,阴,阴,晴,多云,多云,阴
1996,多云,多云,多云,晴,多云,多云,阴,小雨,小雨,小雨,多云,阵雨,多云,多云
1997,多云,晴,晴,晴,晴,多云,小雨,小雨,阴,小雨,晴,多云,小雨,阴
1998,多云,晴,晴,晴,晴,多云,阵雨,阴,阴,阴,晴,多云,阵雨,多云
1999,阴,阴,多云,多云,多云,小雨,小雨,小雨,小雨,晴,阴,多云,多云,多云
2000,阴,多云,晴,晴,晴,多云,小雨,小雨,小雨,多云,晴,小雨,小雨,小雨
